Price;RegistrationYear;Power;Kilometer
480;1993;0;150000
18300;2011;190;125000
9800;2004;163;125000
1500;2001;75;150000
3600;2008;69;90000
650;1995;102;150000
2200;2004;109;150000
0;1980;50;40000
14500;2014;125;30000
999;1998;101;150000
2000;2004;105;150000
2799;2005;140;150000
999;1995;115;150000
2500;2004;131;150000
17999;2011;190;70000
450;1910;0;5000
300;2016;60;150000
1750;2004;75;150000
7550;2007;136;150000
1850;2004;102;150000
10400;2009;160;100000
3699;2002;231;150000
2900;2018;90;150000
450;1997;50;150000
500;1990;118;150000
2500;2002;193;150000
5555;2017;125;125000
6900;2008;99;60000
1990;1981;50;5000
690;2003;60;150000
3300;1995;113;150000
899;2016;60;150000
245;1994;0;150000
18000;2007;218;20000
3500;2004;122;150000
350;2016;75;150000
1600;1991;75;70000
1500;2016;0;150000
11900;2002;129;150000
1500;1984;70;150000
0;1990;0;150000
7500;2002;306;150000
12500;2006;231;150000
6990;2007;95;100000
3900;2008;61;80000
590;1999;75;125000
7999;2007;177;150000
2100;1998;193;150000
7750;2017;80;100000
13500;2012;109;150000
14800;2008;170;125000
2000;2017;90;150000
1400;2016;55;5000
7999;2008;143;150000
4700;2005;0;150000
550;1999;0;150000
3000;2006;61;80000
2399;2018;64;125000
1000;1998;101;150000
1;1994;286;150000
200;1995;102;150000
7499;2004;232;150000
5500;2010;60;70000
7000;2006;105;100000
14999;2007;218;50000
10900;2017;101;50000
9700;2008;160;150000
2100;2000;105;150000
1280;1992;109;150000
1200;2001;0;150000
800;1993;0;150000
2300;1997;150;150000
750;2002;50;150000
7999;2008;156;150000
6600;2006;105;150000
7999;2013;80;40000
1400;2003;82;150000
800;2000;90;150000
5000;2006;109;150000
150;2016;75;150000
250;2000;155;150000
350;1997;54;150000
600;1994;75;100000
3300;2005;150;150000
1600;1997;122;150000
8000;2005;185;150000
1800;2001;87;150000
6800;2009;82;60000
2990;2004;113;150000
1;1995;113;150000
2400;2003;0;150000
1222;1984;180;150000
250;2000;60;150000
14500;2013;86;60000
8390;2009;0;150000
3850;2003;131;150000
6450;2008;84;150000
1700;1999;102;125000
4290;2008;0;150000
1500;2006;109;150000
499;1995;101;150000
6500;2004;163;150000
900;1999;125;150000
650;1997;102;150000
300;1992;105;150000
3399;1999;224;150000
1300;1997;101;150000
900;1995;90;150000
7300;2009;235;100000
8599;2006;200;125000
350;1998;0;150000
0;2017;0;5000
5900;2005;178;150000
6300;2002;265;150000
3500;1991;160;150000
0;1999;0;5000
5950;2006;163;150000
1699;2003;77;150000
4699;1996;110;150000
400;2000;144;150000
9290;2010;86;40000
7000;2003;120;150000
1199;2000;60;150000
1750;2002;75;125000
1000;1990;54;150000
1800;1995;286;150000
8000;2009;0;100000
1100;2003;75;150000
2990;2001;170;150000
300;2000;54;150000
3390;2000;0;150000
2750;2001;131;150000
6990;2012;75;100000
4800;1996;116;150000
14499;2007;170;125000
1450;1992;136;150000
4300;2005;90;150000
2499;2003;110;150000
3450;2007;120;150000
350;1996;122;150000
3550;2000;184;150000
8250;2010;109;125000
800;1998;54;150000
1500;1996;126;150000
4200;2003;204;150000
150;1985;0;150000
1000;1996;75;150000
300;2005;0;40000
800;2004;88;150000
2300;2000;160;150000
4000;2003;163;150000
6799;2009;60;20000
0;2004;101;150000
9450;2004;170;150000
0;2006;0;5000
14500;2017;136;125000
6890;2003;170;125000
7500;2007;194;5000
800;1993;0;10000
1499;2002;140;150000
500;1999;0;150000
1495;2001;64;150000
300;1994;0;150000
1200;2018;75;150000
850;1989;69;125000
8500;2007;131;150000
300;1998;0;150000
1500;2000;75;125000
950;1995;115;150000
3200;2004;64;80000
11890;2011;116;150000
2900;2000;170;150000
19750;2006;305;50000
9800;2006;150;60000
1990;2003;80;125000
10500;2006;150;150000
11000;2012;131;70000
300;1997;0;150000
2390;2000;197;150000
16449;2015;110;10000
2999;2001;0;150000
3000;2016;75;150000
14300;2011;120;60000
5999;2009;80;125000
3700;2003;179;150000
8999;2007;105;90000
14000;2008;235;150000
2790;1992;90;80000
13400;2008;170;100000
4900;2006;102;150000
11299;2006;250;150000
550;1997;75;150000
1400;2006;88;150000
1200;1990;45;150000
9500;2011;131;150000
1800;1999;90;150000
2800;2018;75;125000
3200;2006;0;150000
1350;2002;60;150000
11000;2006;231;150000
1999;2016;110;150000
6900;2006;163;100000
1600;1996;0;150000
12999;2008;179;150000
18400;2011;313;150000
999;1995;75;150000
12899;2009;140;150000
10500;2010;143;150000
2250;2001;41;150000
8500;2010;80;50000
14900;2007;265;150000
500;1994;75;150000
1200;2002;45;150000
1250;1996;125;150000
370;1992;54;125000
1000;1999;165;150000
350;1993;88;150000
8600;2007;197;150000
2100;2017;0;150000
2222;1991;98;150000
850;1985;54;150000
11800;2005;218;150000
4000;2008;115;125000
4650;2005;150;150000
1450;1999;75;150000
900;2017;60;150000
800;2002;115;150000
1600;2000;90;150000
2800;2004;75;100000
5499;2004;122;150000
5500;2000;170;150000
0;2001;115;150000
1000;1982;41;150000
3750;2005;75;150000
1440;2003;109;150000
1150;2000;75;150000
15700;2011;170;90000
899;1995;102;150000
130;1998;0;150000
9200;2006;150;150000
3350;2000;130;150000
2700;2006;75;125000
800;2001;114;150000
10200;2008;0;90000
9800;2008;140;150000
14700;2012;211;60000
1200;1997;101;150000
895;1995;75;70000
950;1995;54;150000
8000;2006;177;150000
6799;2002;286;150000
500;1999;56;150000
11919;2012;90;30000
300;1993;90;150000
10800;2010;105;125000
650;2002;101;150000
800;2000;118;150000
1690;2001;75;150000
3650;2004;113;150000
4850;2009;75;80000
450;2016;0;150000
1450;1999;0;5000
4500;2007;140;150000
3900;2003;131;150000
750;2000;101;150000
5900;1999;184;150000
1100;2000;116;150000
8400;2009;201;70000
1;1990;90;70000
800;1998;75;150000
14950;2009;140;70000
14900;2004;170;70000
2950;1998;235;150000
1500;1994;116;150000
12000;2011;101;150000
2500;2001;150;150000
2400;2001;115;150000
4600;2017;109;125000
6000;1995;286;150000
8950;2012;95;60000
590;1996;0;150000
150;2016;75;50000
18700;2009;213;80000
9500;2012;69;50000
11550;2009;140;125000
1250;2017;0;150000
2400;1989;102;150000
16150;2011;150;30000
3400;2000;0;150000
3000;2000;179;150000
5500;2004;90;150000
2000;2004;122;5000
300;1998;58;125000
890;2000;107;150000
2390;2016;83;150000
1450;2017;0;150000
1699;1999;75;150000
2899;1996;69;150000
4800;2004;75;80000
6799;2008;174;90000
3400;2003;100;150000
2650;2004;125;150000
1000;1999;107;150000
800;1997;125;150000
5299;2002;220;150000
7150;2002;150;150000
200;2009;0;10000
2300;2006;88;150000
1600;1999;0;150000
350;2017;0;150000
5500;2006;140;150000
4400;1997;54;125000
7950;2008;140;150000
16500;2007;265;150000
8100;2004;170;150000
3999;2017;85;150000
9750;2013;75;60000
7700;2009;185;150000
2500;1999;88;150000
1195;1999;54;125000
9790;2014;73;30000
1849;1999;54;90000
3300;2006;41;125000
650;1991;77;150000
2600;1998;170;150000
11700;2008;170;150000
600;1998;90;150000
4950;2009;109;150000
1600;2003;50;150000
8499;2006;150;150000
1650;2017;0;60000
1700;1999;101;150000
5750;2010;90;100000
600;2001;75;150000
0;2005;0;150000
8700;2004;170;150000
1200;1999;125;150000
18880;2014;116;20000
11200;2008;177;150000
3550;1993;0;125000
3900;2003;75;125000
13849;2010;143;80000
13200;2013;105;40000
2500;2001;101;125000
2550;2006;54;150000
3900;2006;102;150000
2450;2001;231;150000
500;1996;45;70000
750;1998;90;150000
1799;1999;116;150000
950;1997;0;150000
8150;2012;75;60000
3900;2004;192;125000
5500;2012;68;40000
9999;2014;90;20000
1050;2018;0;150000
500;2001;131;150000
699;1992;66;150000
999;1994;115;150000
6250;2003;299;150000
10000;1976;0;5000
300;2001;0;150000
16500;1983;218;150000
6500;2007;125;125000
1200;2016;75;150000
1480;2000;74;150000
1490;2000;60;100000
3200;2008;110;150000
3250;2003;163;150000
3400;2006;54;70000
1100;2002;58;150000
1750;2002;125;150000
3300;2006;140;150000
1350;2005;52;150000
8250;2012;69;80000
2500;2000;115;150000
3999;2004;163;150000
7000;2007;143;150000
2950;2005;131;150000
4850;2010;77;100000
1100;2000;60;60000
3600;2003;147;125000
7750;2009;80;125000
2950;2004;54;90000
400;2017;65;150000
6880;2007;150;150000
5600;2008;140;150000
10550;2012;105;60000
17500;2013;122;40000
999;1999;60;150000
3400;2018;0;150000
2000;1998;115;150000
2350;2006;0;5000
6250;2016;310;150000
2700;1999;125;125000
500;1995;45;150000
5555;2010;71;90000
8450;2010;95;70000
2750;2001;147;150000
650;1997;45;150000
680;2000;75;150000
444;1995;45;150000
4650;2009;73;70000
4450;2007;97;70000
1999;2003;65;80000
9650;2011;110;100000
2700;1992;220;150000
2200;2000;0;150000
1;2000;75;90000
4500;2016;0;60000
3850;2004;82;125000
15500;2008;239;150000
13950;2011;140;60000
3400;2002;193;150000
11500;2010;179;50000
0;1985;0;150000
2800;2007;68;150000
120;1995;0;150000
1490;1992;136;150000
650;2000;75;150000
1199;1992;80;150000
350;1998;0;150000
3200;2001;150;150000
4000;2004;203;150000
6450;2006;150;125000
1690;2001;75;150000
1750;2002;150;150000
2990;2001;82;70000
1299;2016;75;150000
11000;2010;0;150000
1000;2000;50;150000
3950;2004;5;70000
650;2000;144;150000
5500;2010;120;150000
1299;1998;75;150000
1300;2017;150;150000
5800;2007;105;150000
7600;2004;143;150000
13499;2010;160;60000
1490;2007;58;150000
5500;2007;80;125000
2350;2003;143;150000
3000;2016;0;150000
1950;2017;0;150000
6350;2009;140;150000
750;1999;101;150000
1500;1998;101;150000
8500;2003;300;150000
4300;2003;179;150000
850;2001;103;125000
6700;2009;95;70000
2238;2003;75;125000
250;1994;102;150000
3350;1997;170;150000
2000;2005;86;150000
14500;2007;140;100000
4199;2002;75;150000
6999;2009;85;30000
4490;2008;60;100000
1200;2002;90;150000
8100;2004;150;150000
12650;2006;258;150000
2400;1997;125;150000
5250;2017;84;70000
14500;2009;160;70000
1950;2016;0;150000
0;2016;197;150000
4300;2007;90;150000
2250;2006;61;80000
10550;2008;143;125000
200;1995;60;150000
0;1990;0;5000
11500;2010;170;150000
890;2002;101;150000
2990;2006;105;150000
9600;2008;136;150000
1099;1995;45;30000
1700;2000;75;100000
0;2000;0;150000
4760;2008;98;150000
16500;2012;140;80000
5300;1999;179;125000
3555;2003;109;100000
350;1989;45;150000
19900;2009;150;90000
15200;2007;320;150000
700;1994;75;125000
550;1995;130;150000
8700;2006;140;150000
6990;2012;86;50000
5500;2006;90;80000
1650;2006;63;150000
7900;2009;170;150000
4290;2006;109;90000
14650;2014;86;20000
3299;2002;143;150000
6500;2012;81;40000
600;2002;148;150000
5800;2006;102;125000
1600;1999;75;150000
8000;2011;156;30000
700;2000;0;150000
6500;2007;170;150000
899;2018;101;150000
2790;2004;109;150000
2390;2007;54;125000
9900;2008;170;125000
6500;2009;140;150000
1450;2001;125;150000
3600;2003;131;150000
2295;2000;54;100000
1699;1998;0;150000
4400;2017;95;125000
950;1991;90;150000
500;1996;45;150000
800;1998;101;150000
1250;1998;116;125000
2700;2018;0;150000
3250;2006;129;125000
13500;2007;204;150000
4999;1999;170;150000
18300;2013;122;40000
0;2000;0;150000
1000;2001;75;150000
0;2005;136;100000
2700;2003;75;125000
4990;2007;69;60000
150;2016;50;150000
6800;2001;192;150000
2999;2009;75;80000
1500;1991;97;150000
4600;2017;184;150000
6500;1981;204;150000
1900;2004;136;150000
4900;1973;44;90000
10490;2010;140;150000
2100;2004;83;150000
3999;2003;102;150000
2600;2005;0;125000
1350;2001;60;150000
600;1994;105;150000
4550;2016;101;150000
800;2005;70;150000
11500;2015;160;150000
5000;2000;122;150000
2400;2004;69;150000
4800;2004;145;150000
3250;2011;60;100000
200;1995;55;150000
11800;2006;170;150000
2800;2005;0;150000
3500;2000;143;150000
50;1985;0;150000
9499;2008;136;150000
3500;1998;125;150000
1999;2002;60;100000
1500;1998;150;150000
400;1995;85;125000
12950;2011;105;100000
2150;2008;64;100000
4999;1999;180;150000
5200;2001;163;125000
8200;2006;0;90000
0;1998;230;150000
9099;2004;280;125000
8200;2006;122;90000
2000;1995;193;150000
750;1997;75;150000
2099;2017;184;150000
150;2016;0;150000
1190;2001;60;125000
1200;2000;101;150000
3000;2002;116;90000
1150;2001;60;150000
13980;2006;231;150000
6499;2006;136;150000
3499;2004;140;30000
8850;2005;190;150000
4000;2001;115;150000
0;1996;170;150000
3200;2005;0;150000
1990;2003;90;150000
150;1996;0;150000
7199;2009;140;150000
16299;2010;239;150000
1999;2001;116;150000
1500;2018;0;150000
3800;2005;109;100000
9990;2010;150;100000
13800;2008;190;150000
0;1997;0;150000
2150;2003;75;150000
2500;1998;90;150000
15750;2011;184;125000
990;1997;101;150000
700;2001;75;150000
750;1997;122;150000
8500;2017;0;60000
12000;2016;105;70000
11800;2001;260;150000
2700;1992;60;150000
1650;2006;69;150000
999;1997;75;150000
3800;2001;0;150000
800;1998;109;150000
11900;2007;179;150000
1500;1996;0;80000
450;1996;0;150000
1100;1998;120;150000
2100;2009;156;90000
5350;2003;116;150000
6000;2009;177;125000
1899;1999;0;90000
2000;2003;130;150000
5990;2002;197;150000
0;1998;75;150000
4499;2005;140;150000
1600;2002;64;150000
2999;1999;105;150000
7800;2006;104;150000
2900;2002;116;150000
1999;2004;136;150000
0;1111;0;5000
8799;2014;87;30000
970;2001;88;150000
1599;1999;90;150000
750;1994;107;150000
1000;1991;116;80000
10500;2009;140;40000
5900;2017;116;125000
12000;1969;140;80000
7400;2003;192;150000
1698;1997;136;150000
1850;2003;0;100000
7990;2017;109;80000
4500;2007;90;150000
1480;2003;58;150000
8450;2008;131;150000
1650;2017;60;125000
3700;2003;143;150000
14800;2011;0;100000
5000;2008;136;150000
7500;2006;95;90000
14750;2009;160;90000
2200;1995;299;150000
10100;2009;143;150000
1750;2016;116;150000
2250;2001;147;150000
15500;2012;120;40000
1900;2000;125;150000
15000;1971;0;5000
2300;1999;170;150000
2300;2004;0;150000
12999;2002;306;90000
7800;2006;131;150000
1000;2016;0;150000
6200;2009;95;100000
5300;2009;68;100000
1849;1997;193;150000
1800;1999;58;90000
2100;2005;64;150000
9900;2000;250;150000
1700;1999;193;150000
950;2002;0;90000
800;1996;122;150000
500;2001;188;150000
11850;2011;95;60000
890;2007;75;150000
250;2000;0;5000
5900;2004;150;150000
600;1998;0;150000
2500;2001;0;150000
1299;1999;102;150000
750;1998;193;150000
4500;2004;105;150000
4000;1999;120;150000
950;1999;60;150000
3900;2016;0;90000
4200;2003;90;150000
5950;2003;131;100000
2650;2006;105;150000
9500;2005;265;150000
9250;2012;75;40000
850;1996;116;150000
2990;2002;116;30000
16000;2010;170;90000
499;1992;54;125000
2500;1999;170;150000
3499;2004;75;150000
5500;2007;75;100000
400;2016;0;150000
1699;2003;102;150000
2400;2006;75;150000
2999;2000;122;150000
13800;2005;333;150000
1100;2017;0;150000
6200;2009;68;30000
3450;2007;88;100000
3500;2005;125;30000
7500;2013;71;40000
6999;2010;186;125000
11000;2012;105;80000
2100;2004;65;150000
3999;2002;131;150000
13900;2008;150;80000
550;1995;105;150000
1690;2000;0;125000
250;2001;0;150000
480;2016;0;150000
3200;2000;75;125000
11500;2006;129;90000
11540;2010;122;80000
13199;2012;120;30000
12790;2001;163;40000
600;1995;122;150000
2500;2001;125;150000
13750;2015;86;20000
8200;2013;75;80000
3000;2004;110;150000
2300;1996;0;150000
550;2001;0;150000
2350;1999;150;150000
1750;1997;0;150000
14900;2012;105;50000
12800;2010;140;80000
1800;2004;63;125000
150;1993;0;150000
3100;2004;101;150000
5500;2003;163;150000
5000;2006;185;125000
0;2005;75;150000
480;2001;75;150000
1800;1994;102;150000
350;1999;120;125000
10490;2013;80;30000
3800;2000;122;150000
1290;2001;101;5000
1200;1998;101;150000
10999;2011;117;60000
13900;2013;86;30000
2000;1997;193;150000
5600;2000;224;150000
18000;2012;122;20000
5300;2007;95;150000
13500;2007;218;150000
2850;2000;105;150000
4900;2017;150;150000
3850;2001;141;150000
800;1998;100;150000
6490;2008;120;70000
4550;2003;105;150000
9000;2016;122;80000
2250;2004;75;150000
350;1997;65;150000
8400;2009;0;150000
7490;2009;105;70000
3250;2003;178;150000
2500;2000;90;150000
699;1997;116;150000
450;2005;58;125000
13500;2010;140;70000
9500;2005;109;150000
1200;2016;115;20000
12990;2007;190;150000
700;1997;45;150000
2750;2003;150;150000
15900;2011;140;125000
13499;2010;156;100000
1300;2001;75;125000
7990;2005;200;150000
550;1995;45;5000
999;1995;192;150000
950;1998;75;150000
4699;2006;109;100000
3500;2006;170;150000
3500;2016;64;100000
5997;2007;102;150000
2200;2003;113;150000
999;1999;75;150000
1200;1997;170;150000
180;1997;55;125000
999;1999;115;150000
1200;2000;75;150000
5500;2006;102;150000
5250;1996;193;150000
9000;2008;140;150000
4600;2009;75;80000
2500;1999;150;150000
200;2005;58;150000
0;2000;0;5000
2799;1999;116;150000
9600;2008;177;150000
1600;2001;101;150000
5999;2012;69;50000
2200;2003;0;150000
2500;2000;150;150000
7600;2006;122;125000
7499;2001;170;150000
1100;1996;75;125000
890;1997;136;100000
1099;1995;75;125000
3999;2006;131;150000
4999;2011;0;125000
250;2017;59;125000
2799;2001;75;90000
1200;2000;95;150000
3299;1989;132;150000
4799;2017;143;150000
3999;1999;193;150000
650;1997;60;150000
8800;2011;165;30000
2000;1998;204;150000
12800;1999;265;100000
398;1996;116;150000
2700;2001;170;150000
6999;2001;265;150000
4000;1999;0;150000
2190;2003;155;150000
7450;2003;170;150000
1850;2002;75;100000
9450;2005;163;125000
2999;2007;109;150000
3950;2007;0;150000
4800;2007;80;100000
1670;1999;75;150000
1800;2003;110;150000
5299;2005;90;150000
0;2017;105;150000
3750;1991;234;150000
750;2000;0;150000
4200;2000;163;100000
2549;1998;150;150000
8380;2008;150;150000
8000;2007;129;150000
2599;1998;170;150000
600;2000;86;125000
2650;2000;110;150000
6800;2006;224;150000
2410;2004;69;150000
14900;2009;170;150000
2100;2002;122;150000
300;1996;55;150000
3500;2005;109;150000
2250;2001;158;150000
500;1998;39;80000
10200;2006;150;150000
2800;2007;80;125000
1500;2001;90;150000
330;1999;60;125000
550;1993;122;150000
1320;2002;116;150000
7500;2008;143;150000
7000;2004;150;100000
899;2000;60;150000
4800;2017;110;150000
16500;2012;179;150000
11200;2014;105;30000
1000;1998;102;150000
250;1995;75;150000
0;2009;170;150000
11500;2008;197;150000
1499;1999;90;150000
380;2016;54;100000
14990;2013;140;90000
500;1999;104;150000
5900;2004;218;150000
5499;2016;150;125000
200;1995;102;150000
2000;2002;68;150000
300;2016;140;150000
2999;2017;0;150000
12999;2011;105;70000
7000;2007;140;150000
5300;2008;177;150000
1250;1995;50;50000
1800;2017;60;125000
7900;2005;150;80000
2998;2000;170;150000
800;1996;150;150000
350;1997;81;150000
8790;2018;0;40000
4499;2004;122;150000
3900;1998;150;150000
5900;1997;102;150000
12900;2010;102;70000
1199;2000;60;125000
14800;2012;117;70000
250;1993;0;150000
2499;2006;95;150000
1800;2001;116;125000
0;2016;0;150000
2800;2004;69;100000
4200;2007;105;150000
5500;2006;150;150000
850;2004;130;150000
4100;2004;131;150000
5900;2009;92;90000
1600;2001;51;150000
9600;2013;122;125000
2799;2003;135;5000
7100;2008;177;150000
1;1990;0;150000
4500;2007;163;150000
650;1997;0;150000
6800;2011;120;150000
1450;2016;75;150000
2300;2006;65;50000
250;1998;60;100000
2500;2001;150;150000
1099;2001;80;150000
3999;2009;65;40000
3500;1997;204;150000
2399;2004;0;150000
2600;2005;125;150000
1950;2002;116;150000
10450;2001;220;150000
3100;2001;90;70000
14000;2003;71;5000
190;1999;0;150000
17000;2005;231;150000
11599;2010;143;150000
9800;2006;0;150000
1690;2002;75;125000
1500;1999;131;150000
140;1997;0;150000
5990;2007;95;150000
1300;1996;75;150000
1000;2000;107;125000
11900;2008;170;125000
1400;2000;105;150000
1450;2003;0;125000
2000;2016;59;100000
1599;2017;0;150000
4700;1996;117;150000
1400;1997;0;150000
1100;1999;107;150000
6990;2005;230;100000
650;2002;0;20000
1400;2002;75;150000
16700;2013;140;60000
2000;1999;90;150000
3300;2004;103;150000
1400;1999;90;150000
98;1997;53;150000
14000;2013;99;30000
3800;2003;129;150000
790;1996;102;150000
1450;2000;82;150000
5500;2005;150;150000
150;2016;0;150000
0;2000;0;150000
3650;2003;116;150000
500;1999;0;150000
1999;1996;131;125000
3999;2007;84;150000
2600;2017;101;150000
1500;2001;120;150000
5600;2007;143;150000
6500;1995;68;150000
9500;2008;136;125000
1799;2003;82;150000
710;1995;54;150000
7890;2005;200;150000
250;2000;60;60000
100;1995;116;150000
1000;2000;170;150000
130;1996;45;150000
1;1998;136;150000
14500;2007;163;60000
0;1990;0;150000
13990;2007;209;100000
9490;2007;136;20000
6700;2006;163;150000
2990;2001;101;150000
4500;2001;170;125000
12000;2007;177;125000
16999;2015;102;10000
2000;2018;0;90000
10100;2008;239;100000
3100;2008;0;150000
13200;2010;143;150000
2900;1971;90;90000
1250;2001;129;150000
200;1997;60;150000
1990;1996;125;150000
500;2010;101;70000
0;1995;90;125000
13500;2010;193;60000
1150;2017;107;150000
8999;2009;105;150000
14000;2010;131;150000
1385;1997;110;150000
999;2000;43;150000
14430;2011;146;150000
650;1996;60;150000
1000;1999;101;150000
3000;1997;150;150000
3800;2005;150;150000
14900;2013;105;40000
3900;1990;0;30000
3200;1995;211;150000
150;1996;45;150000
0;1997;75;150000
5699;1987;90;150000
4950;1997;150;150000
700;1996;125;150000
4590;2002;150;150000
6900;1999;193;150000
4000;2007;116;150000
10900;2010;179;80000
600;1996;75;150000
300;1991;75;150000
1250;2002;67;150000
750;2000;60;150000
5800;2005;106;70000
750;1990;90;150000
6000;2002;170;150000
500;1996;45;70000
5990;2009;69;20000
800;1999;105;150000
4250;2005;150;150000
7000;2016;90;90000
8500;2016;177;150000
6500;1973;54;50000
2850;2002;180;150000
3;1998;110;150000
9200;2016;75;40000
2800;2006;60;150000
1200;1996;90;150000
4750;1991;113;150000
7400;2005;163;150000
1600;2001;0;150000
0;2003;170;150000
390;1999;50;150000
0;1999;0;150000
3300;2004;0;150000
4250;2006;80;125000
4000;2003;82;125000
4200;2006;166;150000
12800;2014;101;40000
18500;2013;150;50000
1600;1996;101;150000
300;2000;85;150000
3280;2004;95;150000
12950;2011;160;125000
2500;2005;80;150000
1450;2002;64;80000
500;1999;0;150000
3200;2007;75;125000
1200;2000;107;150000
4800;2001;163;100000
11890;2011;116;150000
2800;2002;122;150000
140;1986;0;20000
1450;2000;90;150000
750;1998;0;150000
2200;1997;125;150000
11000;2002;231;150000
2800;2004;75;150000
9950;2016;0;125000
1800;2018;136;150000
4200;2003;276;150000
550;1998;136;150000
5000;2007;90;80000
3200;1982;0;150000
1250;2003;52;125000
2250;2017;90;150000
400;2002;86;150000
700;2018;75;5000
15900;2008;235;150000
5400;2016;140;150000
4499;2009;109;125000
17000;2008;344;125000
7350;2003;102;70000
15900;2010;177;100000
5750;2007;100;150000
45;2015;0;5000
777;1999;0;150000
1500;2002;58;125000
9300;2011;120;80000
4300;1990;170;150000
3700;2009;69;150000
2699;2005;110;150000
2200;1999;0;90000
1400;1989;0;150000
3200;2005;75;150000
200;2016;75;150000
2800;2002;102;150000
599;1998;110;150000
5500;2008;80;125000
6990;1983;72;150000
4900;2006;109;50000
400;2000;102;150000
4500;2012;90;150000
950;2017;0;125000
1799;1999;75;150000
3000;2017;101;150000
800;1999;75;150000
11500;1985;160;125000
3999;2005;95;150000
9100;2004;150;150000
2000;1994;218;150000
1400;2002;75;150000
5900;2006;150;125000
849;1995;75;150000
2300;2002;75;150000
9200;2005;249;150000
1700;2000;75;150000
11500;2001;179;100000
1700;1999;116;150000
12990;2007;218;70000
5799;2009;75;150000
4000;2003;150;150000
500;2002;60;150000
0;2008;0;30000
1850;2004;65;150000
4000;2017;105;150000
950;1999;60;150000
4600;2005;140;150000
6900;1988;105;150000
3950;2005;73;70000
599;1995;0;90000
12900;1997;237;150000
3500;2003;41;150000
1799;1998;101;150000
8500;2012;105;80000
1399;1999;90;150000
1790;2003;50;100000
1000;2005;109;150000
5500;2009;71;80000
5400;2011;68;30000
7350;2003;170;150000
0;2002;64;150000
15990;1988;224;100000
9500;2017;140;150000
7999;2004;200;150000
5950;2005;0;150000
5699;2004;250;150000
800;2002;60;150000
1190;2018;58;150000
1212;2002;50;20000
2590;2004;116;150000
0;1996;113;150000
5400;1992;179;150000
3800;2005;90;150000
6600;2007;109;125000
1000;2003;58;150000
3000;2016;140;150000
2400;1999;101;150000
9999;2014;105;30000
1700;2004;115;150000
5100;2010;120;150000
15000;2012;245;70000
5400;2006;140;150000
1650;1997;116;150000
700;2003;103;150000
1995;2003;101;150000
750;1997;136;150000
3200;2006;95;90000
120;2016;60;150000
1800;1995;101;150000
7450;2003;143;150000
15490;2009;0;150000
16400;2007;150;125000
17700;2011;170;150000
2400;2001;129;150000
490;2000;116;150000
700;2000;116;150000
999;2016;0;150000
550;1998;60;150000
3800;2003;80;125000
1799;2003;82;150000
4600;2017;131;150000
1650;1998;125;150000
1890;1997;150;150000
1000;2001;56;125000
0;1998;110;150000
600;1993;54;80000
1900;2005;177;150000
600;2016;60;150000
16960;2013;122;30000
250;1997;60;150000
6250;2007;102;150000
7900;2007;150;150000
250;1997;0;150000
5300;2004;194;150000
7500;2010;111;80000
14400;2008;299;125000
2100;2000;105;150000
400;1998;101;150000
249;1998;75;150000
350;1985;0;100000
600;2017;0;150000
7150;2007;116;125000
3400;2004;0;150000
5800;2000;326;150000
5500;2002;150;150000
11990;2006;224;150000
4950;2007;80;100000
17800;2016;99;5000
888;2005;60;150000
555;1999;0;90000
10900;2008;160;100000
2349;2017;120;125000
3550;2008;45;125000
12500;2007;140;150000
1650;1998;125;150000
13000;2008;177;125000
7900;1980;194;125000
2200;2000;101;150000
850;1996;45;125000
1500;2017;90;150000
3300;2003;170;150000
2500;2003;101;150000
450;1998;0;150000
6300;2005;179;150000
10000;2012;177;150000
950;1998;90;150000
9000;2003;163;90000
1300;2018;0;150000
1390;1998;75;150000
4200;2006;136;150000
9299;2011;105;50000
6399;2003;110;80000
8500;2000;193;150000
1900;2003;145;150000
5600;2009;60;80000
3300;2003;61;100000
1350;1999;50;150000
3000;2001;85;90000
2100;1999;279;150000
6299;2012;60;50000
18500;2014;140;50000
1300;2002;95;150000
4200;1999;0;150000
4450;1971;23;70000
1200;2000;0;150000
7777;2007;140;150000
2000;2003;87;150000
4200;2004;125;125000
2800;2002;138;150000
10999;2006;177;30000
1999;1991;179;150000
3999;2005;136;150000
6490;2010;110;125000
4490;1984;310;150000
6050;2003;0;150000
1;1983;0;150000
7299;2008;175;150000
5500;1980;96;60000
1500;1998;116;150000
350;1997;0;150000
800;2003;0;150000
1199;1995;326;150000
6199;2008;122;150000
4900;2004;105;150000
4000;2008;73;90000
3050;2006;114;150000
8350;2010;110;100000
450;1997;103;150000
1400;2000;116;150000
12400;2008;136;150000
8900;2008;170;90000
12900;2006;231;150000
799;2003;54;125000
3700;2001;163;150000
5500;2001;122;150000
2350;2002;98;100000
5200;2001;231;125000
15700;2012;160;50000
2550;2002;163;150000
9999;2005;250;150000
2200;2003;75;125000
600;1996;50;150000
16990;2015;135;20000
1790;1998;86;125000
7500;2012;60;20000
6100;2002;150;150000
1400;1998;99;125000
4190;2006;116;90000
5250;2006;140;150000
3750;2003;105;150000
350;1999;116;150000
1600;1995;90;150000
2500;2016;0;125000
150;1993;150;150000
0;2012;90;90000
3200;2004;90;150000
8495;2006;226;125000
7820;2010;86;50000
14200;2005;231;100000
18000;2008;200;70000
1000;2000;60;60000
1400;2005;60;125000
2900;1998;115;150000
1790;2001;82;150000
1650;2002;87;150000
4950;2008;140;150000
3899;2006;55;125000
4700;2001;102;60000
6300;2007;140;60000
2555;1998;140;150000
4950;2004;204;150000
6600;2005;190;80000
2800;1996;150;150000
1900;2005;68;150000
2950;2008;68;80000
3333;2018;101;100000
350;1995;0;70000
390;1996;75;150000
1250;2001;75;150000
2000;2000;82;150000
999;1992;90;150000
17900;2015;84;5000
1200;1997;75;90000
5500;2009;0;20000
13999;2011;143;40000
1800;2017;131;150000
150;1999;55;150000
8790;2010;299;100000
13900;2009;143;70000
15000;2014;86;30000
600;1997;90;80000
10550;2008;126;100000
2000;2004;140;150000
890;2018;0;125000
7900;2011;75;125000
4999;2009;122;100000
700;1998;75;150000
13000;2011;143;125000
1350;2017;0;150000
650;1970;26;100000
3000;2005;0;150000
1250;2018;0;125000
16990;2012;140;40000
5150;2001;150;150000
8200;2010;105;40000
1499;2003;0;150000
13990;2010;160;100000
18000;2008;232;125000
1;2016;0;150000
750;2016;144;150000
500;2006;70;150000
1500;2007;143;150000
1039;1992;88;150000
899;1990;37;60000
3500;2003;192;150000
900;2001;150;150000
17500;1998;301;150000
6700;1999;193;150000
2000;1990;113;150000
5129;2006;131;150000
6890;2004;140;125000
9000;2008;190;150000
2599;2002;131;150000
7099;2005;150;150000
699;1997;102;150000
8800;2008;170;125000
1049;1993;113;150000
14999;2008;184;125000
19850;2013;150;60000
7200;2017;80;150000
1240;2003;60;150000
1350;1984;75;100000
2900;2003;84;50000
150;2016;0;150000
1600;2002;125;150000
1899;2004;75;150000
7500;2010;73;40000
900;1996;95;150000
16000;2009;160;70000
6350;2006;140;150000
3600;2004;131;150000
8000;2008;122;80000
500;2000;0;5000
6600;2004;131;150000
1999;2004;50;125000
6950;2003;163;125000
15000;2014;200;40000
13499;2013;140;30000
9600;2007;177;150000
2399;2005;116;150000
14200;2009;179;80000
8999;2011;111;20000
2500;1990;0;150000
900;1997;0;150000
0;2000;75;125000
10990;2007;150;100000
700;2000;0;150000
1300;2016;58;150000
15350;2011;163;100000
10800;2010;166;150000
6100;2011;90;150000
12500;2011;170;125000
200;1996;0;150000
980;1997;75;60000
0;2000;0;150000
4199;2001;131;150000
10900;2003;334;150000
6800;2007;109;150000
700;1999;0;70000
1550;1998;150;150000
850;1992;45;150000
11000;2010;204;90000
9700;2011;101;30000
3999;1999;120;125000
7500;2008;105;100000
2000;2016;75;125000
600;2000;60;150000
3950;1999;170;150000
1800;2017;130;150000
2001;2001;131;150000
2650;2004;88;125000
4450;2007;86;125000
8000;2006;122;125000
14499;2010;177;150000
1780;2004;70;90000
5100;2006;140;150000
0;1994;60;150000
0;2000;0;150000
1900;1985;0;90000
1500;1998;122;150000
5750;2006;80;20000
15700;2006;224;150000
7924;1986;150;150000
4950;2001;131;80000
0;2001;116;150000
12990;2007;235;150000
3999;2004;116;150000
1500;2000;0;150000
0;1999;58;150000
1000;1999;75;150000
2699;2007;61;150000
2490;2003;50;100000
450;2016;75;125000
2500;1999;118;150000
5450;2004;155;90000
350;1997;116;20000
5200;2009;80;150000
1199;2017;211;150000
1500;2017;0;150000
3500;1997;193;150000
1850;1999;170;150000
6750;2006;125;150000
4500;2005;98;20000
14990;2013;92;40000
1900;2001;163;150000
1800;2004;102;150000
12500;2010;143;150000
1100;2004;75;150000
980;2001;0;5000
18600;2013;140;30000
200;2000;50;150000
8900;2006;224;150000
10500;2005;163;100000
1550;1998;116;150000
5200;2001;197;150000
1100;2000;50;90000
2950;2000;170;150000
30;2015;0;5000
2350;2018;0;125000
4900;2004;102;150000
2500;2001;136;150000
4990;2002;155;150000
550;1996;0;150000
390;1994;75;150000
1600;2005;113;150000
2500;2000;136;150000
2250;2002;83;150000
1500;2000;115;150000
0;1995;286;100000
3550;2009;0;125000
7100;2006;163;125000
500;1998;75;125000
2000;2002;0;150000
3999;2004;0;125000
1300;1998;90;150000
999;2001;101;150000
280;2000;0;100000
5999;2005;131;150000
690;1997;0;150000
850;2000;0;150000
450;1994;0;150000
3450;2005;102;150000
9599;2005;177;150000
1999;2000;115;150000
2800;2002;0;150000
1350;1999;75;150000
560;2002;50;100000
800;2001;0;100000
6940;2012;55;30000
1300;1999;75;150000
1450;2000;116;150000
3500;1984;125;150000
1200;1998;125;150000
3250;2003;102;150000
5299;2004;150;150000
3500;2001;68;100000
2800;2004;128;150000
5800;2010;86;150000
13490;2006;334;150000
650;1995;75;150000
2400;2001;75;125000
4900;2009;69;70000
5790;2011;95;70000
7000;2004;102;90000
4700;2001;231;150000
899;1996;0;20000
1800;1989;132;150000
1450;1992;136;150000
2600;1989;133;150000
14990;2008;160;125000
2700;2001;124;150000
5200;2007;105;125000
3200;2003;73;60000
20000;2010;239;150000
0;1999;75;150000
1600;1999;110;150000
6799;2007;105;150000
1200;2002;75;150000
400;1999;107;150000
199;1996;101;150000
7500;2005;0;150000
2199;2005;0;125000
1500;1976;50;5000
3299;2001;150;150000
1200;2003;82;150000
750;1992;33;150000
2200;2016;0;150000
1099;2000;101;150000
3500;2005;75;125000
1150;1998;101;150000
1300;2004;60;125000
650;2016;0;5000
4000;1997;150;150000
14500;2006;219;150000
3599;2009;58;90000
300;2010;0;150000
3500;2017;120;150000
999;1997;204;150000
3590;2005;90;125000
2250;2002;0;150000
1;2000;0;150000
4200;2006;80;125000
500;1996;90;125000
5000;2018;0;40000
900;1997;174;150000
1900;2002;166;150000
135;2009;0;150000
18999;2003;241;80000
850;2000;90;150000
1490;2001;75;150000
799;1999;102;150000
400;1997;0;150000
8150;2007;218;150000
1499;2002;167;150000
1740;2000;101;125000
7999;2004;250;150000
5350;2010;71;60000
13450;2013;140;80000
3800;2000;179;30000
2800;1990;94;150000
1700;2002;75;150000
10999;2011;105;150000
999;1996;90;150000
850;2001;0;150000
8900;2013;69;40000
8599;2017;69;50000
1100;1999;101;150000
8000;2013;140;40000
5595;2005;129;150000
2000;1989;100;150000
400;2017;0;150000
7500;2006;140;150000
4900;1981;136;80000
4999;2004;131;150000
11000;2008;156;125000
7550;2011;84;40000
2300;1999;125;150000
8900;2008;126;70000
7980;2008;177;150000
18000;2010;245;60000
400;1998;90;150000
14300;2010;184;150000
2300;2002;116;125000
6400;2011;69;70000
20000;2014;184;40000
4499;2003;192;150000
728;1997;136;150000
2400;1999;150;150000
15900;2008;0;100000
300;1997;0;150000
12899;2010;122;100000
1150;1997;101;150000
16000;2014;143;125000
4150;2009;0;90000
4350;2003;90;150000
1400;1998;75;150000
1100;1992;150;150000
9999;2009;174;80000
6200;2004;200;150000
3500;2016;110;150000
7700;2003;177;150000
1350;1998;150;150000
2999;2005;65;125000
12200;2009;120;100000
1000;2000;101;150000
3500;2000;115;125000
2600;2005;116;150000
16400;2011;170;80000
1700;2002;88;150000
2199;2018;75;150000
3699;2005;131;150000
4090;2009;69;125000
650;1990;102;150000
4900;1999;88;150000
2500;2007;106;150000
950;2001;81;150000
1100;1999;110;150000
4100;2002;170;150000
5600;2006;140;100000
4000;2006;90;90000
5799;2008;71;60000
4300;2003;95;125000
600;2001;0;150000
500;2016;0;150000
11500;2009;179;150000
1000;1999;54;150000
300;2016;75;150000
1700;2000;140;150000
4490;2008;80;150000
6800;2008;120;70000
2000;2004;0;20000
1500;1996;182;150000
2;2004;135;150000
950;1997;0;150000
10999;2011;122;60000
0;2000;115;150000
1400;2003;75;150000
600;1996;75;150000
2600;1996;116;150000
2150;1999;101;125000
3900;2001;131;150000
3199;1999;136;150000
3200;1997;150;150000
5200;2004;175;150000
1390;2002;101;150000
7660;2004;163;150000
2800;2006;0;90000
0;2001;0;90000
6575;2009;80;150000
7255;2007;179;150000
2390;2002;75;125000
8888;2009;122;80000
350;1997;75;150000
999;1992;116;150000
9100;2004;170;5000
1550;1995;150;150000
5499;2000;179;150000
550;2016;0;150000
900;1990;90;150000
550;1997;125;150000
700;1992;60;125000
200;1995;45;100000
14000;2005;174;150000
3600;2004;122;150000
7855;2009;0;150000
3500;2000;105;125000
9500;2004;218;150000
2899;2005;155;150000
7900;2003;193;150000
3900;2008;170;150000
0;2000;0;5000
18750;2014;150;20000
10000;2007;150;150000
10900;2008;174;150000
1000;2000;50;150000
0;1998;60;5000
1800;2006;60;125000
3300;2001;116;150000
10000;2008;185;90000
1400;2004;75;5000
600;1998;148;150000
1750;2003;54;150000
3000;1999;101;125000
1700;1985;69;30000
3500;2007;88;125000
350;1996;0;150000
3150;2006;75;80000
3780;2001;190;150000
3580;2004;75;150000
14900;2010;170;150000
1250;2017;0;150000
3999;2011;68;40000
500;2000;0;5000
5750;2009;101;50000
3750;2002;116;150000
1499;2001;58;150000
890;1998;101;150000
800;1997;125;150000
8250;2006;185;60000
2450;2004;140;150000
4350;2010;0;150000
900;1995;74;150000
6350;2006;105;150000
1699;1996;101;150000
450;1990;90;150000
3300;2000;163;150000
6550;2005;204;150000
14900;2012;140;90000
650;2001;60;150000
7999;2011;111;150000
11450;2011;90;70000
16000;2007;190;150000
0;1997;115;150000
3150;1994;122;60000
300;2000;0;125000
4300;2004;131;150000
17999;2008;300;100000
8690;2007;136;125000
1150;2000;75;150000
1000;2000;0;150000
749;1995;60;150000
1399;1999;101;150000
16900;2002;122;5000
550;2001;95;150000
6700;2009;69;50000
14000;2007;0;150000
3000;2002;75;150000
1000;2000;150;150000
19986;2004;260;60000
1500;1999;60;150000
7000;2008;102;150000
9450;2007;170;150000
4500;2000;116;150000
4690;2005;64;150000
2350;2002;75;150000
6950;2005;116;100000
1099;1997;54;125000
12400;2010;110;150000
14900;2008;196;125000
1950;2003;63;150000
9499;2007;105;150000
2200;1983;140;150000
4600;2008;0;150000
499;2016;0;150000
5900;2006;140;150000
12500;2005;224;150000
1050;1996;60;150000
8850;2008;140;125000
1650;2000;90;150000
15500;1995;63;60000
999;1999;0;150000
399;1998;0;150000
5500;2001;231;150000
350;2005;0;5000
2499;2002;150;150000
4490;2000;170;150000
2900;2005;80;150000
6800;2010;60;60000
5200;2008;140;150000
2950;2007;158;150000
6350;2007;102;150000
1999;1999;238;150000
10000;2011;150;150000
5000;2005;231;150000
1590;1999;110;150000
6450;1992;230;150000
11490;2009;140;125000
6500;2005;116;125000
3800;2005;115;125000
3900;1999;116;150000
4999;2003;116;150000
2750;2000;0;150000
0;2009;0;125000
2200;1998;75;150000
12999;2010;136;125000
11900;2009;143;150000
2600;2016;239;150000
3600;2009;0;100000
7500;2007;140;125000
399;1995;65;150000
3000;1996;230;150000
11999;2007;150;125000
11600;2017;177;150000
1000;1998;60;150000
3190;2002;150;150000
8900;2007;116;80000
80;2016;0;5000
250;1999;104;150000
4800;2006;105;150000
11500;2009;114;80000
3499;2003;75;125000
0;2016;110;150000
12800;1965;90;100000
4950;2007;84;60000
650;1997;101;150000
1890;2017;86;125000
14500;2000;0;125000
1499;2002;90;150000
2690;1999;224;150000
950;1996;122;150000
4350;2003;193;150000
1200;1999;75;125000
2000;2002;116;150000
0;1990;0;150000
7990;2012;60;30000
250;1998;75;150000
350;2005;75;90000
650;1996;75;150000
3250;2002;143;150000
1499;2017;97;90000
8600;2006;231;150000
350;1996;0;150000
2499;2017;286;150000
2890;1999;90;125000
3200;2004;1398;5000
3490;2005;120;150000
2750;1997;170;150000
11800;2009;116;150000
5800;2004;101;150000
1800;1998;165;150000
6700;2004;305;150000
3900;2003;174;150000
4950;2005;105;150000
2500;2001;0;150000
200;1998;0;125000
3501;2017;102;150000
6200;2007;150;150000
1900;2000;163;150000
800;1996;75;150000
1900;2001;102;150000
1250;2000;60;125000
1000;1999;82;150000
1100;1999;75;150000
10350;2013;95;30000
1800;1997;299;150000
3900;2003;143;150000
15400;2009;177;125000
1500;1985;0;50000
3990;2004;150;150000
2500;2001;102;150000
3700;2006;0;150000
900;1997;102;150000
1200;1970;0;150000
5990;2006;140;150000
1350;1999;100;150000
8500;2005;150;150000
2200;2000;136;150000
4450;1998;193;150000
2999;2016;179;150000
7500;2005;179;150000
2400;2004;74;125000
15900;2003;228;90000
1999;1997;150;150000
6695;2005;163;150000
999;2000;55;150000
3300;2018;90;5000
10500;2005;232;150000
200;2001;0;150000
0;1993;90;100000
550;1998;0;150000
10450;2006;231;150000
0;1999;155;150000
4800;2016;112;150000
699;2017;0;150000
5000;2009;80;150000
13500;2006;0;150000
3999;2007;80;150000
900;1999;60;150000
1900;2001;192;150000
4300;2007;70;150000
500;2001;0;150000
1400;1997;75;150000
4000;2000;150;150000
870;2001;82;150000
12690;2007;163;100000
2200;2004;0;150000
2199;2007;60;90000
6500;2008;145;90000
7900;2007;170;150000
6500;1999;193;150000
5899;2004;143;100000
1200;1998;50;150000
7500;2006;131;150000
499;1999;85;150000
13700;2012;117;150000
6700;2010;110;125000
1000;1996;136;150000
3999;2005;48;30000
6990;2006;170;150000
17500;2006;306;150000
450;2001;80;150000
2790;2003;143;150000
899;2003;88;150000
7150;2004;109;150000
1000;2001;0;125000
3690;2006;101;125000
450;2016;0;150000
0;1993;45;150000
3300;1996;101;80000
4800;2006;140;150000
3999;2002;122;100000
129;1997;0;150000
4999;2006;88;70000
2500;1999;193;150000
6200;2012;85;125000
1;2013;241;30000
1250;2003;101;150000
4000;1991;110;100000
2400;2002;133;150000
1300;1999;101;150000
2600;2006;170;150000
4000;2010;105;150000
349;1997;0;150000
5490;2008;109;150000
4900;2005;116;150000
900;2004;0;40000
1000;2000;50;125000
18300;2007;306;150000
1999;2001;33;125000
1300;1999;75;150000
7500;2006;140;150000
4500;2006;120;70000
1400;1996;150;150000
4500;2004;140;150000
4200;2017;0;150000
1280;1999;58;150000
7000;1945;48;150000
17900;2010;170;70000
500;2017;0;150000
2750;2001;75;100000
3390;2007;109;150000
4500;1999;105;80000
350;1994;125;150000
3999;2000;131;150000
17500;2010;211;70000
950;1998;116;150000
3500;1992;0;150000
2100;2016;170;150000
400;1998;54;150000
10500;2015;110;10000
4000;1999;136;150000
150;1995;170;150000
1600;1999;150;150000
12000;2008;160;20000
0;2006;0;150000
1400;2004;144;150000
2399;2004;163;150000
2400;2002;75;150000
1400;2001;90;150000
1999;1996;115;150000
5500;2001;170;150000
11450;2008;140;150000
899;1998;110;5000
12300;2012;143;70000
3799;2006;75;125000
2000;1998;116;150000
15799;2011;143;150000
3650;1997;235;150000
1850;2004;107;150000
7500;2002;150;125000
2500;2002;120;150000
799;1995;102;150000
0;1999;125;150000
0;2006;163;150000
8500;2007;170;150000
1300;1999;116;150000
15700;2011;143;100000
7800;2003;163;150000
200;2000;0;150000
0;1996;96;150000
1950;2018;0;150000
17900;2012;136;60000
8200;2005;200;150000
0;2016;125;150000
9900;2005;333;150000
2350;2000;75;125000
8990;2007;102;150000
5600;2005;140;150000
3950;2005;0;150000
2990;2007;67;125000
3400;2003;136;150000
19600;2009;272;150000
1500;2000;0;150000
11900;2008;105;150000
360;2016;80;150000
2800;2000;101;150000
10490;2016;80;5000
5199;2003;116;150000
18100;2013;147;40000
5900;2006;150;150000
14900;2013;122;60000
900;2000;54;125000
16650;2013;117;30000
2200;2001;140;150000
1500;2001;102;150000
9999;2008;141;90000
1980;1999;147;150000
1299;2000;82;150000
1999;2000;101;125000
1001;2002;50;150000
2500;1999;230;150000
6800;2007;147;125000
4200;2006;105;125000
2750;2001;140;150000
1000;2002;60;150000
1000;2002;60;100000
3100;2004;0;150000
12499;2008;170;125000
999;1998;50;100000
500;1997;55;150000
19200;2013;122;30000
1290;1998;122;150000
1950;2001;45;150000
4000;1996;180;150000
5999;1999;150;150000
3400;2016;86;125000
2400;2016;147;150000
950;2005;60;125000
400;1999;103;30000
6699;2012;60;30000
8600;2003;231;150000
8800;2007;143;125000
349;2017;70;150000
2100;2018;140;150000
3550;2006;110;5000
650;2002;58;150000
4900;1985;72;70000
200;2005;65;125000
3790;2002;163;150000
1490;2000;139;80000
8000;2012;102;50000
6750;2010;109;150000
0;1989;231;150000
3000;2002;109;150000
1450;1999;58;125000
1699;2000;0;150000
11990;2011;122;90000
1950;2005;61;150000
250;1998;45;150000
0;1999;0;150000
550;2001;128;150000
4950;2008;140;150000
2450;2004;95;150000
19450;2011;143;90000
13790;2015;90;20000
9600;2006;129;125000
4000;2006;0;150000
15500;2006;306;150000
2500;2007;0;150000
9990;2010;125;100000
6650;2005;177;150000
1995;2002;75;150000
650;1990;90;150000
2000;1999;80;100000
1350;1998;75;90000
950;2016;90;150000
0;2002;129;150000
1800;2017;156;150000
5999;2008;80;80000
5999;2008;82;80000
3400;2005;75;125000
4500;2005;0;150000
900;1996;110;150000
0;2000;0;5000
800;1996;75;150000
1470;1999;0;70000
9000;2016;170;125000
10000;2009;140;60000
5299;2007;101;125000
8000;2002;179;150000
1200;2005;65;150000
1600;1996;170;150000
600;1998;0;150000
3300;2006;54;125000
200;1997;55;150000
2250;2005;0;150000
2700;2016;111;150000
300;1998;101;150000
1299;2000;0;125000
230;1999;0;150000
11500;2010;190;150000
4900;2007;145;150000
15990;2006;177;80000
7200;2008;97;125000
11999;2006;231;150000
2190;2003;0;150000
4200;2009;90;150000
6250;2007;163;150000
350;2000;45;150000
500;1995;45;150000
7500;2007;102;80000
5599;2005;116;125000
500;1997;116;150000
399;1996;0;150000
0;2005;218;150000
1999;2000;50;125000
6350;2004;150;150000
2700;2001;147;150000
1850;2002;150;125000
8499;2009;125;125000
0;1999;1799;150000
2999;2017;101;80000
770;2018;40;150000
500;1998;60;150000
1450;1996;75;150000
3299;2005;95;80000
1599;2001;50;150000
3950;1999;193;150000
0;2006;240;150000
3300;2016;170;150000
2500;2003;177;150000
650;1999;155;150000
4290;2001;163;150000
900;2001;75;150000
6199;2007;120;100000
270;1993;75;150000
1999;1998;90;150000
4600;2007;90;150000
6100;2006;102;150000
7950;2009;120;125000
3250;1997;186;150000
4800;2001;143;150000
1200;1997;102;150000
2800;2002;131;150000
0;2005;150;100000
1900;2001;41;150000
20000;2014;135;30000
5350;2005;102;125000
14499;2012;86;40000
690;2002;125;150000
1499;1991;54;150000
4500;2001;193;150000
12500;2011;116;50000
0;2016;150;150000
4400;2007;170;150000
1100;1998;90;150000
2000;2004;75;150000
100;1997;0;150000
1800;1985;75;150000
1190;1997;122;150000
1150;1995;101;150000
5000;2000;306;150000
1600;2000;101;150000
400;1995;0;125000
800;2016;65;150000
850;2016;45;150000
18200;2017;235;150000
1599;2003;65;150000
1000;1994;156;150000
9300;2008;170;150000
5000;2002;250;150000
15799;2009;170;90000
1550;1991;69;150000
1850;2000;135;125000
150;2016;0;150000
699;1996;0;150000
2500;2017;75;125000
3800;2005;90;125000
550;1997;90;150000
3500;2003;116;150000
2800;2002;101;150000
1800;2002;79;150000
1200;2000;90;150000
2990;2004;110;150000
8650;2007;0;125000
15000;2010;170;150000
4990;2003;140;80000
0;2002;129;150000
5000;2005;135;125000
1649;1993;140;150000
2699;2002;129;150000
14490;2012;110;60000
3299;2000;197;150000
17500;2009;241;150000
12999;2012;85;20000
825;2003;60;125000
3499;2016;131;150000
1;2002;150;150000
16500;2007;306;150000
450;2017;45;150000
8950;2006;150;80000
14900;2007;218;150000
1999;2000;101;150000
4950;2005;143;150000
1500;1999;68;150000
2300;2003;115;125000
1500;2001;75;150000
3750;2003;131;150000
7000;2009;110;70000
5650;2006;80;90000
13990;2012;90;100000
500;1995;0;150000
800;1997;75;150000
6500;2007;170;150000
15000;1983;200;125000
5499;2005;105;150000
4000;1998;116;150000
17500;2013;122;40000
500;1998;200;150000
2490;2004;50;150000
600;2000;144;150000
11000;2004;224;125000
1;2006;0;5000
6300;2003;170;150000
750;2016;0;150000
750;1996;75;150000
1500;2000;116;125000
900;1997;150;150000
19300;2010;190;100000
14990;2008;177;150000
1300;2000;101;150000
6950;2009;90;50000
2699;2006;86;150000
19950;2009;170;60000
1650;2005;80;125000
199;1997;90;150000
3990;2004;141;150000
2400;1985;122;100000
2900;2001;0;100000
2650;2001;75;30000
3150;2006;95;150000
2290;2001;82;125000
8500;2008;143;150000
1350;2000;75;150000
4000;2017;116;150000
1400;1998;68;150000
3000;2005;58;150000
799;2000;60;150000
1250;1995;45;150000
16500;1990;0;80000
3950;2004;101;150000
750;2000;141;150000
2699;2001;130;150000
7950;2002;179;125000
9800;2009;102;80000
2900;2002;150;150000
2000;2003;200;150000
5250;2016;105;125000
7500;2009;160;125000
9490;2009;140;125000
1200;1990;90;150000
650;1999;116;150000
800;2003;130;150000
380;1996;75;150000
5600;2011;0;40000
3199;2003;163;150000
9900;2006;256;150000
1985;1995;75;150000
2700;2009;77;90000
1125;1996;116;150000
444;2001;0;150000
7950;2009;175;150000
1500;1989;129;150000
9599;2004;177;150000
1250;2017;0;125000
1400;2018;45;70000
799;1995;45;150000
2600;1992;90;100000
11390;2008;190;150000
3790;2002;131;150000
6500;1965;360;150000
2399;2016;52;80000
1590;1999;90;150000
4300;2004;150;150000
2899;2006;69;150000
4200;2003;105;150000
2000;2003;140;150000
5100;2008;95;80000
400;1990;0;150000
2990;2006;58;125000
9990;2002;243;125000
1800;1925;0;5000
800;1998;101;150000
4650;2005;224;150000
4499;2007;146;150000
600;1997;193;150000
9200;2009;160;125000
5250;2003;116;150000
1150;1999;0;150000
700;2002;101;150000
6200;1999;193;125000
5900;2006;177;150000
1850;2002;0;150000
10890;2004;192;150000
7240;2010;120;125000
110;1997;0;150000
6800;2003;131;150000
7999;2011;71;60000
700;1996;45;150000
500;1998;60;150000
2600;2004;61;90000
4950;2010;60;70000
12150;2009;170;60000
3800;2016;0;150000
5900;2002;192;125000
1990;2000;116;150000
3000;2018;0;150000
4500;2003;0;150000
200;1997;0;150000
0;2016;105;150000
5490;2018;110;150000
500;1991;45;150000
1200;1999;75;125000
8248;2012;69;30000
1400;2004;131;150000
1100;2000;80;150000
2600;2003;50;100000
2800;2004;177;150000
9800;2011;125;90000
5490;2006;75;30000
430;1999;0;150000
14000;2011;245;90000
5399;2004;95;70000
8600;2009;150;125000
499;1999;116;150000
300;1999;75;150000
1500;2003;109;125000
500;1992;116;150000
800;2005;101;150000
14700;2006;224;150000
15750;2010;211;150000
2850;2006;75;100000
2850;2007;68;100000
8990;2008;170;150000
399;1996;90;150000
850;1996;75;150000
0;2018;0;150000
550;1997;0;150000
2400;2007;0;150000
2800;2001;136;150000
0;1997;375;150000
3200;2005;120;150000
180;1996;110;150000
6999;2005;105;150000
1799;1999;90;150000
6980;2007;102;125000
1750;2017;74;150000
280;2000;75;150000
399;2016;0;150000
3999;2005;131;150000
200;1997;120;150000
2500;2004;65;100000
800;2003;69;150000
19199;2012;170;60000
1250;1997;122;150000
2799;2004;116;150000
6800;2010;90;80000
150;1999;75;30000
0;1999;0;150000
3000;2006;0;150000
1500;2002;105;5000
2550;1995;150;150000
0;1991;156;150000
800;1987;75;70000
3300;2006;95;125000
1650;2017;0;70000
400;1991;116;150000
999;2002;0;150000
4100;2010;110;150000
12699;2011;105;70000
1850;1993;0;90000
330;1999;50;150000
1650;1995;101;150000
5950;2007;105;150000
1150;2017;101;150000
1350;1999;0;150000
7950;2000;279;150000
3500;2002;143;150000
140;1995;0;150000
2500;2002;163;150000
2250;2004;60;125000
675;1995;75;150000
5950;2012;68;60000
12400;2009;143;100000
1800;2018;144;20000
6399;2012;68;60000
2500;2005;75;150000
1500;1999;136;150000
3490;2004;131;150000
11900;2009;140;150000
2400;1999;0;150000
1400;1986;50;150000
17999;2011;204;150000
950;1998;75;150000
2490;2002;101;150000
3650;2006;140;150000
3330;1991;252;150000
2550;2002;203;150000
2800;2000;122;125000
1799;2001;95;100000
1200;1997;125;150000
7700;1994;131;30000
0;2011;122;125000
5401;1997;286;150000
450;1999;50;125000
7600;2014;60;20000
9950;2006;170;150000
2600;2007;110;100000
700;1994;90;125000
5500;2002;170;150000
0;2010;0;5000
8500;2007;177;150000
7000;2008;80;100000
6100;2003;80;40000
13500;2006;396;150000
2000;2002;145;150000
1150;1996;101;125000
300;1991;72;150000
3500;1998;170;150000
19200;2005;340;80000
10500;2013;105;40000
3500;2006;90;150000
800;2000;90;150000
2200;2001;102;150000
3800;2007;109;150000
3900;2017;108;150000
1500;2001;60;150000
1300;1994;116;150000
600;1997;60;150000
4999;2011;68;50000
15150;2010;160;90000
14990;2008;170;90000
0;2001;0;150000
11400;2008;177;150000
17299;2009;170;60000
250;1995;75;150000
2250;1997;125;150000
9950;2006;231;150000
5800;2007;140;150000
1349;1998;165;150000
5950;2006;163;150000
900;1999;0;150000
8400;2006;179;150000
630;1998;0;150000
3800;2006;101;150000
3999;2003;163;150000
1200;1999;165;150000
3750;2002;192;150000
5500;2010;105;125000
5000;2000;192;150000
6990;2013;86;20000
14900;2009;231;150000
2840;1998;136;150000
0;2014;69;20000
6500;1995;121;150000
2650;2003;61;150000
999;2006;54;100000
2000;2000;105;150000
14000;2007;306;125000
750;1996;0;150000
5030;2003;150;150000
19750;2009;272;100000
3950;2002;0;150000
1990;2004;68;150000
2500;2017;0;100000
3200;2002;147;125000
790;1997;0;150000
1850;2004;101;150000
1795;2002;140;150000
0;2000;193;150000
5400;2002;179;150000
12190;2009;224;150000
2850;2004;54;150000
1000;2016;101;150000
3350;2005;102;150000
1299;1999;75;150000
5500;2006;105;150000
200;2001;106;150000
1150;1997;140;150000
14200;2006;0;150000
3300;2004;131;150000
1150;1996;150;150000
2999;2002;101;150000
8100;2005;209;150000
2350;2018;193;150000
3750;2003;75;150000
2999;2003;131;150000
13500;2010;116;100000
17400;2008;163;80000
3500;2017;0;150000
1500;1999;90;150000
8950;2008;105;90000
13900;1974;145;80000
650;1996;102;150000
2450;2003;107;150000
3200;2006;105;125000
399;1999;90;150000
750;2003;0;150000
1699;2000;75;150000
18440;2010;163;100000
13500;2009;122;100000
3400;1998;101;125000
950;1997;75;90000
1400;1995;102;150000
8400;1979;0;90000
13000;2007;150;100000
990;1995;115;150000
6500;1983;106;70000
1250;1994;90;150000
1100;1998;60;100000
11900;2004;192;90000
99;2008;0;20000
999;1999;90;150000
5999;2006;95;100000
6950;2012;69;60000
999;1998;116;150000
19490;2007;345;125000
799;1995;75;150000
600;1997;125;150000
19500;2011;211;70000
11111;1980;136;100000
350;2000;0;150000
2850;2017;0;150000
1950;2001;305;150000
350;1993;44;150000
1300;1998;0;150000
950;1995;90;150000
2980;2001;116;70000
19999;2010;177;125000
1350;2001;60;125000
650;2017;0;150000
5200;2003;0;150000
14850;2009;0;80000
999;1989;84;125000
0;1999;60;150000
4000;2002;130;150000
7250;2007;150;150000
5990;2005;140;150000
2950;2003;75;125000
1000;1999;115;150000
4950;2008;109;150000
1995;2003;95;150000
11500;2010;102;90000
5950;2007;145;150000
8800;2012;60;40000
550;1995;136;150000
1200;2001;75;150000
1566;1998;45;150000
14200;2008;197;150000
18999;2013;150;60000
250;1999;150;150000
9900;2004;218;150000
900;2018;60;150000
1500;2001;90;150000
2100;1997;187;150000
3800;2006;130;150000
3000;2002;0;150000
1540;2003;129;150000
1790;2004;0;100000
9500;2005;177;150000
900;1993;131;150000
1300;2000;58;150000
2950;2004;82;150000
1250;2004;113;150000
2800;2017;125;150000
999;1999;101;150000
2000;2001;110;90000
2390;1998;170;150000
3000;2000;265;150000
490;1996;75;60000
5000;2017;218;150000
3000;1991;98;150000
3299;2009;67;90000
6500;2007;105;150000
1850;2005;0;80000
1250;2001;98;150000
2500;1995;110;125000
275;2000;125;150000
19000;2008;239;150000
11500;2003;231;150000
8999;2009;140;150000
1500;2000;75;150000
2500;2004;105;125000
2599;1999;163;150000
600;1997;88;150000
1799;1999;75;150000
2450;2017;116;150000
4950;2004;150;150000
2700;2001;90;20000
4500;2003;0;150000
7999;2008;102;80000
2900;2003;0;150000
1200;1993;101;150000
0;1999;60;150000
5300;2005;109;60000
850;2000;114;150000
2100;2000;116;150000
7000;2006;177;150000
4990;2003;143;150000
1650;2003;65;30000
1050;2001;60;150000
200;1991;99;150000
110;1995;45;150000
1750;2000;132;150000
8400;1989;132;50000
7500;2007;163;150000
599;1998;50;150000
3700;2001;220;150000
3200;2010;67;70000
8000;2003;184;150000
6066;2006;116;80000
9500;2005;258;150000
17500;2011;156;70000
2179;2000;101;150000
500;1995;125;150000
999;1996;45;150000
4000;2004;105;150000
3999;2009;69;150000
16320;2014;122;10000
950;1998;75;150000
13750;2011;143;125000
1550;1982;0;150000
1750;2017;122;150000
2250;2004;102;150000
0;1991;75;125000
4000;2000;289;150000
1099;2016;75;125000
1300;1999;101;150000
800;2004;60;150000
6950;2006;129;150000
650;1998;125;150000
1900;2003;125;150000
3333;2000;163;150000
11900;2004;150;125000
1480;1999;82;150000
3666;2005;90;150000
2890;2004;120;150000
3799;2005;125;150000
3500;2010;0;150000
4700;2010;75;80000
3900;2006;101;150000
1;1998;75;150000
6450;2008;60;30000
350;1997;0;150000
10000;2007;197;150000
3800;1986;69;70000
16450;2008;0;150000
3850;1990;222;150000
2850;2006;65;150000
18900;2015;135;10000
4400;2006;140;150000
1199;2017;90;150000
5445;1974;88;125000
699;1997;50;150000
2400;2003;0;150000
5700;2008;140;150000
3990;1999;170;150000
8200;2013;75;30000
2450;1997;129;150000
17500;2009;131;150000
180;2016;0;125000
3200;2008;80;90000
8900;2009;170;150000
1100;1999;116;125000
6500;2005;224;150000
6790;2010;90;80000
999;2000;58;150000
13900;2013;86;30000
17800;2010;184;125000
1400;2005;141;150000
2900;1997;102;150000
3900;2003;145;125000
8000;2009;180;70000
1650;1996;116;150000
1099;1998;96;5000
400;1996;125;150000
10900;2007;232;150000
444;1998;85;150000
9199;2006;150;125000
2600;1994;75;150000
5900;2007;109;90000
3600;2001;192;150000
2350;2002;107;150000
2444;2001;0;150000
4700;1998;110;20000
3000;2006;101;150000
16990;2014;105;30000
8888;2009;122;70000
2700;2004;70;150000
1750;2001;41;150000
1450;2000;75;125000
2300;2004;80;150000
350;1999;75;150000
15400;2007;163;70000
1350;2002;110;150000
90;2001;0;150000
8800;2006;140;150000
4400;2009;60;20000
500;2000;65;125000
11700;2010;120;70000
7500;2010;0;150000
3700;2003;116;150000
890;1998;184;150000
2450;1999;0;150000
2350;1999;170;150000
850;1999;101;150000
950;1994;116;150000
4990;2003;250;150000
750;2000;115;150000
2400;2005;0;125000
80;2001;98;150000
3000;1999;143;150000
799;1999;0;150000
4490;1998;102;150000
2100;2004;0;150000
13000;2009;177;150000
14900;1996;193;125000
300;1995;114;150000
700;2001;75;150000
700;1999;75;150000
2100;2005;0;125000
6800;2001;198;125000
7900;2005;102;50000
450;2000;0;150000
9999;2009;0;125000
1550;2003;60;125000
3900;2003;141;150000
11499;2006;209;90000
2150;1997;193;150000
1499;2001;144;150000
1350;2001;58;150000
1300;1995;113;150000
1199;2000;105;5000
500;2000;54;125000
450;2001;58;150000
1100;1999;101;150000
3499;2009;86;150000
2600;1999;101;150000
1400;2001;75;150000
1999;1999;150;150000
999;2001;85;150000
700;2001;50;150000
5400;2005;177;150000
600;2000;60;150000
5500;1998;284;150000
3990;2004;140;150000
4900;2006;80;125000
10500;2003;192;150000
900;1999;37;150000
500;1998;60;125000
2400;2007;63;70000
0;1999;100;150000
14700;2006;300;125000
989;2001;60;150000
15500;2007;177;100000
450;1998;90;150000
250;1996;0;150000
2300;2004;0;150000
6300;2007;0;150000
1900;2004;41;150000
3149;2006;109;150000
2980;2001;102;150000
722;1999;116;150000
1750;1999;101;150000
475;2000;50;150000
2500;2003;131;150000
1100;2016;0;150000
2400;1996;235;150000
3000;1998;101;125000
9500;2005;177;150000
8550;2013;84;30000
8200;2003;170;150000
2999;2007;90;125000
160;1999;115;150000
5500;2009;0;150000
0;1995;0;150000
13000;2014;100;40000
2800;2003;101;150000
150;2000;0;150000
0;2002;60;150000
1700;2004;0;150000
4000;2017;0;150000
5599;2002;143;150000
16500;2008;224;150000
400;1997;56;150000
990;1994;72;80000
700;1995;71;150000
2200;2000;150;150000
6900;2017;180;150000
19500;2004;450;125000
1250;1999;99;150000
3899;2017;163;150000
7200;2007;163;150000
1500;2017;101;150000
12900;2012;122;50000
2499;2000;116;150000
8800;2018;143;150000
5350;2007;105;150000
2800;2005;150;150000
1700;1999;0;150000
0;1993;75;150000
500;1998;101;125000
350;1998;0;150000
200;1999;87;150000
300;1997;75;150000
1000;1998;101;100000
250;1995;45;125000
2900;2004;0;150000
10500;2003;306;150000
650;2000;75;150000
7350;2007;140;150000
6150;2004;170;150000
1;1999;118;150000
800;2003;60;150000
1999;2001;116;150000
2300;2002;75;125000
4700;2004;140;150000
4899;2004;150;150000
0;1991;60;125000
150;2000;0;150000
16500;2013;160;20000
12900;2007;233;150000
4990;2003;122;150000
2300;2017;68;150000
1450;2002;75;150000
4999;2004;109;125000
2200;2016;90;150000
500;2000;54;150000
3350;2010;52;80000
1100;1998;150;150000
9480;1993;286;150000
16500;2009;306;150000
0;1997;170;150000
3950;2006;109;150000
1690;2002;75;150000
1380;2002;50;125000
8550;2010;109;150000
5500;1999;204;125000
14200;2017;200;150000
8999;2012;69;40000
14863;2011;150;70000
1499;2001;58;150000
6000;1999;139;150000
8500;2010;140;70000
2899;2016;130;150000
1400;1999;136;150000
18000;2014;90;40000
4900;2004;163;150000
850;1998;0;150000
399;1994;60;150000
0;2001;116;150000
0;2007;140;80000
6250;2005;150;150000
1750;2005;112;150000
600;1997;75;150000
799;1999;54;125000
1000;1997;150;150000
8290;2010;125;100000
3800;2006;101;125000
2950;1993;135;150000
2700;2007;77;125000
500;1990;122;150000
799;1996;75;150000
3300;2004;113;150000
1350;1991;0;150000
6200;2018;0;20000
890;2007;90;150000
1860;2003;126;125000
4700;2004;105;60000
13500;2007;231;150000
13500;2005;177;150000
1800;1984;45;60000
8000;2010;92;90000
4300;2009;109;150000
300;1997;0;50000
1650;1996;150;150000
2390;2002;147;150000
2400;1998;136;150000
10900;2000;102;150000
1200;2004;58;150000
4250;1996;116;150000
1000;2005;125;150000
7300;2008;140;150000
3699;2004;101;125000
1350;2006;109;150000
5499;2018;80;100000
6990;2007;150;125000
7300;1997;140;125000
2499;2002;75;150000
650;1993;75;150000
3500;2006;75;150000
500;1998;75;150000
2400;2003;65;125000
1100;2004;106;150000
11850;2011;140;150000
999;1999;75;125000
2499;2001;60;150000
2800;2009;68;150000
1600;2018;115;150000
700;1998;116;150000
1500;2001;0;150000
3100;1995;150;150000
2700;2002;163;150000
8990;2001;179;100000
11990;2015;75;10000
1100;2001;147;150000
650;2000;100;150000
4500;2007;150;150000
850;2002;147;150000
12900;2006;387;150000
9000;2009;122;70000
17250;2014;125;30000
300;2016;0;70000
1500;2001;58;150000
1250;2001;74;150000
3500;1998;170;100000
8000;2018;0;150000
2700;2003;163;150000
1200;2001;68;150000
3999;2009;126;70000
4300;2010;75;60000
1599;1998;0;5000
15500;2012;105;40000
500;1995;0;20000
2500;2004;101;125000
2950;2003;101;100000
599;1996;90;150000
19990;2009;265;100000
100;2018;125;100000
2500;2004;155;150000
450;1999;0;150000
998;1997;165;150000
820;2017;75;100000
11300;2010;160;150000
698;2002;60;150000
0;1999;152;150000
15000;2007;232;150000
4800;2007;110;90000
1450;1999;0;150000
7999;2005;306;150000
3600;2000;105;150000
4400;2008;69;100000
6900;2011;68;60000
300;1995;0;125000
950;1996;68;150000
17499;2011;211;60000
4300;2009;75;150000
10800;2011;140;80000
2650;2002;116;100000
6850;2004;204;150000
12499;2007;185;150000
2699;2001;125;150000
1850;1998;101;150000
1590;2000;68;150000
13900;2013;110;50000
3600;2003;101;150000
3960;2004;136;150000
2500;2004;0;150000
8500;2012;97;50000
550;2000;120;150000
699;1999;101;150000
2500;1989;41;150000
8950;2006;170;150000
1900;1998;75;150000
800;2017;75;150000
749;2004;130;150000
1500;1996;75;125000
10999;2012;141;60000
999;2000;75;150000
16190;2011;170;150000
3950;1997;136;150000
4500;2002;150;150000
999;2000;125;150000
7200;2006;155;100000
4200;2009;0;150000
6690;2003;347;150000
13900;2008;177;150000
500;2016;0;5000
900;1999;172;150000
5200;2009;60;60000
4490;2005;102;150000
13500;2015;105;10000
3500;2004;116;150000
11999;2010;122;60000
1350;1997;50;80000
700;1998;204;150000
1250;1999;0;150000
1550;2003;109;125000
15500;2010;170;125000
5999;2005;82;90000
0;2001;163;150000
8950;2011;105;70000
12999;2005;177;125000
2990;2004;120;60000
900;1999;211;150000
9800;2011;102;50000
2250;2003;101;150000
4000;2005;0;150000
15000;2012;211;70000
2350;2006;0;150000
8499;2002;200;90000
750;2000;54;150000
14900;2011;140;125000
1500;2002;116;150000
5200;2009;101;70000
4350;2005;75;150000
880;1990;54;150000
2600;2006;54;125000
0;2000;100;5000
2500;1999;150;150000
2353;1983;50;100000
1100;1991;75;150000
0;1997;60;150000
1350;1999;60;150000
7500;2004;204;150000
1000;2000;54;150000
7700;2007;116;80000
14700;2004;174;150000
0;2002;147;150000
0;1999;116;150000
15000;2006;233;150000
2600;1996;110;150000
1990;2000;90;150000
1750;2003;82;150000
950;2001;60;150000
250;2001;44;150000
13000;2009;150;150000
1599;2001;54;125000
1590;2002;107;150000
6299;2007;0;90000
7950;2009;95;60000
4450;2004;0;100000
7900;2012;73;90000
2800;2005;0;150000
14999;2000;252;125000
999;1995;0;125000
3800;2005;110;150000
850;2002;130;150000
500;1994;71;150000
900;1998;60;150000
6499;2006;170;150000
9250;2009;110;125000
8000;2006;163;150000
4590;2004;135;150000
2750;2003;41;150000
2250;2000;125;150000
8100;2009;0;50000
799;1997;101;150000
10990;2009;136;150000
1100;2000;116;150000
5289;2003;0;70000
600;1994;136;150000
4000;2006;61;50000
19499;2011;190;150000
8700;2005;150;125000
1450;1998;73;100000
400;1996;0;150000
3490;1997;193;150000
4200;2004;150;150000
500;2000;0;150000
1500;2005;128;150000
799;2003;0;150000
1400;1996;125;150000
560;1998;0;150000
16999;2009;239;150000
0;2007;0;150000
1950;1997;150;150000
999;1999;57;150000
950;2002;107;125000
1100;2016;0;150000
890;2017;60;150000
11900;2007;177;150000
5400;2004;115;150000
2850;2008;69;90000
950;2018;54;150000
11111;2011;184;50000
2000;1998;144;150000
9000;2005;140;150000
150;2016;60;60000
30;1995;75;150000
1899;2000;155;150000
800;1998;65;150000
1300;2003;95;150000
700;2000;0;150000
8800;2005;163;125000
16800;2012;170;40000
5890;2005;105;100000
4800;1998;155;150000
11650;2009;109;60000
749;1998;82;150000
14500;1989;160;150000
1800;2018;0;150000
599;1997;45;150000
250;1996;54;150000
7000;2006;104;150000
1500;2001;75;150000
3600;2009;0;150000
1400;2000;101;150000
600;1999;0;150000
4550;1999;192;150000
12999;1999;193;150000
1000;1999;90;150000
9900;2009;122;60000
6200;2008;120;90000
8400;2007;137;100000
5500;2018;116;150000
19995;2008;231;30000
0;2000;0;150000
6900;2008;90;150000
395;2000;92;150000
5200;2007;109;150000
1150;1987;136;150000
3850;2004;105;150000
2300;2002;110;150000
1500;2002;84;150000
1500;2000;60;150000
500;2016;100;150000
2700;2000;0;150000
1000;2000;101;125000
1690;1997;136;150000
2999;2018;65;150000
1600;2004;150;150000
10000;2013;140;40000
1800;2004;82;150000
6400;2012;60;30000
9500;2012;170;80000
650;1997;102;150000
7900;2000;224;150000
4499;1999;0;150000
12000;2012;197;125000
999;1997;64;150000
10950;2009;160;125000
4000;2017;0;150000
8990;2005;180;150000
7900;2005;174;150000
799;1997;75;150000
1850;2000;95;150000
250;1999;65;150000
12900;2008;143;150000
0;1989;90;150000
750;1998;60;80000
2000;2004;75;150000
1390;2003;135;150000
6880;2007;120;125000
2850;2003;101;150000
1399;1993;150;150000
10599;2009;150;150000
650;1995;125;150000
0;2000;115;150000
800;1999;0;150000
2450;1988;64;150000
7450;2014;75;30000
1999;2007;69;150000
4999;2005;102;150000
17900;2007;306;125000
1300;1998;115;150000
1500;2001;136;150000
1200;1999;116;150000
16990;2011;220;150000
6400;2010;71;50000
750;2007;94;100000
650;1998;150;150000
2450;2002;105;125000
7999;2004;224;150000
5490;2009;116;150000
500;1996;90;150000
1099;1995;131;150000
18950;2010;177;125000
10250;2004;150;80000
3500;2009;75;80000
3000;2006;185;150000
550;1999;75;150000
2100;2002;131;150000
7200;2001;163;150000
5850;2006;140;150000
749;1999;60;100000
1300;2003;150;150000
4500;2011;102;150000
600;1994;45;125000
1800;1995;102;150000
10500;2017;170;80000
1850;2001;75;150000
12900;2011;163;150000
1199;1999;125;150000
900;1995;110;150000
120;1996;75;150000
5900;2001;150;150000
3399;2007;60;90000
550;2017;75;150000
16900;2010;190;150000
12700;2011;105;150000
600;2001;0;150000
899;1996;115;150000
8450;2007;140;150000
150;1993;60;150000
5150;2010;82;100000
1500;1999;170;150000
4590;1998;136;150000
2600;1999;170;150000
8499;2009;110;100000
500;1999;133;150000
1200;1997;54;125000
2399;2003;98;125000
980;1998;75;150000
14990;2012;105;40000
200;1999;0;150000
1280;1999;0;150000
8000;2013;86;60000
700;1998;0;150000
899;1998;60;80000
4999;2005;140;150000
300;2002;90;150000
5499;2006;105;150000
1650;1997;150;150000
3900;1996;212;150000
8500;2007;110;90000
2150;2016;0;125000
500;1980;44;5000
1800;2005;0;150000
750;1999;54;125000
3000;2001;102;150000
5700;2004;143;150000
500;1999;141;150000
850;1998;90;150000
16990;2011;184;60000
2999;2017;0;150000
11300;2008;143;90000
4000;1998;150;150000
8950;2006;105;50000
1700;1997;170;150000
19990;2014;105;10000
1199;2000;105;150000
850;1995;75;150000
1300;1989;125;5000
1000;2018;0;150000
2800;2008;54;150000
2750;2001;101;150000
299;2016;70;150000
8200;2016;220;90000
7649;2010;109;125000
950;1995;124;150000
19999;2014;163;90000
1000;1997;60;150000
1450;2003;41;150000
4900;2013;68;70000
1899;2003;68;150000
1300;1995;163;150000
0;1995;75;150000
7890;2006;126;125000
2800;2005;61;70000
1250;2005;109;150000
5950;1999;120;30000
0;1999;99;100000
15500;2006;387;150000
0;1997;0;150000
15750;2012;116;20000
1450;2000;155;150000
2900;1999;60;150000
11000;2005;200;90000
11999;2012;105;50000
0;1991;90;150000
0;2005;0;150000
7700;1997;102;150000
2900;1999;150;150000
0;1995;60;150000
14295;2007;239;150000
15000;2008;344;125000
1399;2000;90;150000
13500;2008;184;90000
350;1994;0;150000
550;2016;90;150000
0;2002;90;5000
2250;2017;101;150000
19900;2013;140;90000
980;1998;54;90000
6550;2011;75;90000
8750;2006;116;150000
400;1995;0;5000
2900;1999;115;100000
0;1998;101;150000
2250;2003;75;150000
6700;2007;150;150000
12;2015;0;5000
2750;2001;150;100000
1250;2001;116;150000
1950;2000;150;150000
9300;2005;272;150000
400;1996;75;150000
6500;1997;150;150000
1999;2006;98;150000
760;2000;101;150000
3100;2005;90;150000
1200;2017;0;150000
1800;2002;0;150000
400;2005;0;150000
7900;2009;102;100000
7300;2009;122;150000
16899;2003;476;150000
1600;2001;125;150000
5000;2005;105;150000
8900;2007;179;150000
799;2000;0;150000
999;1995;101;150000
7700;2006;150;150000
16350;2012;122;40000
5200;2004;105;150000
180;2016;0;150000
9750;2012;86;60000
2600;2006;105;150000
11900;2011;86;40000
1200;2000;120;150000
2986;2003;75;70000
0;2000;0;150000
6499;2009;82;80000
1099;2003;75;150000
2800;2005;130;150000
400;1995;0;100000
780;1998;45;150000
690;1998;50;150000
0;2004;131;150000
2100;2002;0;150000
3250;2010;68;125000
1500;2017;110;150000
500;1998;75;80000
2450;1998;150;150000
7400;2006;313;150000
14499;2008;314;150000
18500;2013;250;60000
3700;2008;136;150000
1100;2001;80;150000
1500;2001;75;150000
1499;2017;0;125000
2850;2000;150;150000
2500;2003;116;150000
0;2002;150;150000
5000;2001;129;150000
600;1996;55;150000
0;1998;155;150000
5600;2003;125;150000
18999;2011;170;80000
250;1998;65;150000
10500;1955;30;60000
580;1995;0;150000
3900;2005;80;150000
9500;2007;200;150000
7200;2009;102;125000
199;1995;0;100000
1099;1996;90;150000
3600;2000;150;150000
3500;2003;131;150000
10800;1997;102;150000
950;1999;101;150000
1798;2005;60;150000
1000;1995;71;125000
1350;1999;55;150000
450;1997;120;150000
1050;1998;55;150000
1990;2004;7;150000
2995;2004;170;150000
16250;2009;211;100000
1800;2004;163;150000
230;1996;60;150000
4200;2003;110;150000
500;2000;102;125000
1400;2017;125;150000
12500;2010;145;125000
1500;1999;101;150000
6200;1998;193;90000
1350;1999;45;150000
4399;2017;150;150000
8199;1988;113;150000
2299;2000;0;125000
9000;2016;160;150000
1300;2000;58;90000
290;1992;60;80000
5000;2010;110;150000
5500;2016;0;150000
14900;2013;102;50000
300;1996;66;10000
3250;2016;120;150000
18500;2008;170;100000
11599;2008;170;150000
4999;2006;64;70000
8300;2012;86;70000
4900;2005;125;125000
5850;2007;140;150000
7499;2010;69;50000
1350;2002;0;150000
1000;2002;75;150000
1150;1999;101;150000
0;2004;0;150000
380;1999;0;90000
450;1999;116;150000
11990;2007;232;150000
11250;2008;177;150000
3500;2004;103;150000
400;2002;58;125000
1350;2003;58;150000
4299;2004;145;150000
8500;2007;109;150000
8600;2002;179;150000
0;2000;0;5000
400;1990;90;150000
6500;2005;163;150000
799;1996;75;150000
8450;2010;69;50000
650;2016;44;150000
200;2001;90;150000
700;2016;47;150000
400;1998;0;150000
1800;2000;90;150000
3650;2000;218;150000
890;1995;0;125000
400;2000;0;150000
9999;2013;75;30000
11500;2009;136;150000
4999;2002;150;150000
450;1997;193;150000
11700;2008;140;125000
18490;2012;213;150000
500;2016;80;150000
7499;2005;140;150000
5500;2006;80;150000
5500;2007;120;150000
3400;2002;143;150000
899;2001;56;150000
2900;2000;0;150000
2300;2017;26;70000
4290;2013;75;60000
1390;1998;101;150000
4000;2009;136;150000
950;2001;50;150000
500;1996;101;150000
1490;1999;150;150000
2800;2000;184;150000
4190;2006;69;150000
14100;2010;170;150000
3990;2004;136;150000
2990;2004;136;150000
6990;2009;80;70000
1650;2000;116;150000
3750;2004;105;125000
1450;2003;140;150000
4600;1989;132;150000
4799;2003;150;150000
0;2000;54;125000
899;2001;60;100000
965;2002;75;150000
3500;2000;140;125000
4900;2002;150;150000
2300;1998;101;150000
2500;2017;0;150000
0;1997;102;150000
1300;2001;193;150000
5990;2005;0;150000
3600;1999;193;150000
4000;2006;109;150000
500;2017;0;150000
4699;2004;101;150000
3500;2005;158;150000
1599;1995;122;150000
14450;2012;105;50000
0;2017;75;125000
500;1996;60;150000
3650;2000;129;125000
13990;2012;156;50000
300;2000;54;150000
370;1996;116;150000
99;1999;90;150000
3700;2002;163;150000
1;2011;0;5000
150;2000;0;5000
4300;2006;105;150000
150;2000;0;150000
1200;2003;0;150000
175;2000;0;150000
600;2001;140;150000
500;1999;54;150000
1750;1995;90;150000
1800;1997;193;150000
1250;1993;150;150000
3990;2006;90;100000
9900;2012;84;50000
9200;2006;160;70000
500;2000;60;150000
3750;2005;125;125000
1100;2003;0;150000
3450;2001;75;125000
2750;1997;122;150000
3600;2018;50;80000
3500;2006;101;150000
10500;2008;140;150000
12900;2010;143;30000
6500;2012;71;20000
6990;2010;125;80000
16000;2012;143;125000
2700;2003;113;150000
5200;2007;120;150000
800;2004;68;150000
450;2000;50;150000
1000;1993;90;90000
3899;2003;136;150000
8950;2008;102;90000
900;1996;45;90000
2500;2003;0;150000
500;1997;156;5000
1750;2004;95;125000
7299;2008;105;125000
1800;2000;60;150000
800;2002;55;150000
5400;2006;140;150000
8000;2007;150;150000
300;1997;50;150000
5650;2009;143;70000
13950;2009;140;150000
1290;1999;136;150000
300;1999;0;150000
500;1997;75;150000
14000;2008;224;150000
14600;2012;156;40000
1900;1996;150;150000
1600;1998;194;40000
350;2016;45;150000
2450;2003;125;150000
1000;1997;90;150000
6200;2003;105;150000
8499;2004;299;150000
0;1999;103;150000
0;1998;0;5000
10300;2010;114;80000
3150;2001;105;125000
1000;1999;193;150000
3500;2009;105;150000
2650;2003;75;150000
8990;2005;150;150000
1000;2001;218;150000
6900;1981;136;150000
15999;2007;235;150000
750;1994;75;150000
2200;1992;150;150000
1700;2002;65;150000
10500;2005;224;150000
4600;2005;75;70000
4100;2002;143;150000
600;2017;75;150000
2700;2000;125;5000
2750;2002;75;150000
3290;2003;110;150000
4500;2000;180;150000
7800;2008;126;150000
4600;2004;116;150000
1150;2000;103;70000
15450;2011;173;90000
2500;2005;60;90000
10950;2013;90;50000
2000;2003;120;150000
13990;2007;0;125000
7200;2008;105;80000
450;1999;115;150000
1670;1999;75;150000
4100;2009;87;70000
75;1997;45;150000
2999;2005;0;150000
17499;2013;160;80000
300;2000;60;150000
7290;2004;150;150000
3800;2004;131;150000
3650;1998;179;150000
950;2017;55;150000
8500;1996;140;150000
5500;2003;150;150000
7000;2006;102;80000
9200;2007;143;100000
2790;2001;131;150000
800;2001;60;150000
1150;1998;0;150000
299;1997;60;150000
2300;2003;125;150000
2500;2004;92;125000
6999;2003;170;150000
1750;2001;125;150000
4690;2005;140;150000
4100;2003;150;150000
1100;1996;116;150000
4100;2006;109;150000
350;1999;55;20000
899;1996;75;100000
690;1995;90;150000
3999;2006;80;100000
3500;2004;101;5000
16000;2011;129;60000
3500;2008;150;150000
1100;1997;101;150000
1360;2001;50;150000
19980;2014;163;30000
1300;2002;80;150000
500;2000;58;150000
150;1996;48;150000
12000;1982;163;150000
690;2002;144;150000
16900;2010;143;100000
2700;2005;105;150000
900;1999;105;150000
4480;2005;75;150000
430;2005;0;90000
4800;2004;140;150000
1500;2016;101;150000
3500;2004;0;150000
2500;2005;185;150000
5850;2012;75;40000
17200;2012;122;30000
0;2016;60;125000
3700;2001;116;150000
3650;2001;192;150000
449;1998;0;150000
3150;2004;150;150000
2499;2002;75;125000
4490;2003;290;150000
3600;2008;136;150000
4690;2007;105;150000
800;1993;90;150000
2390;2003;64;125000
0;1988;0;80000
1400;2003;98;150000
6590;2013;69;20000
4299;2017;0;125000
1250;1999;0;150000
9900;2013;105;60000
500;1995;122;150000
3500;2002;184;150000
1350;2002;116;150000
450;2005;0;150000
2999;2002;170;150000
3900;2001;197;150000
2990;2005;110;150000
2490;2001;192;150000
3800;2005;80;100000
1200;1999;90;5000
600;1999;90;150000
8500;2006;140;150000
1700;2002;101;150000
6950;2007;140;100000
2200;2003;0;150000
16500;2013;117;40000
350;1996;0;150000
5750;2005;140;125000
1100;2002;0;150000
0;2003;100;150000
1400;2000;116;150000
1950;2001;75;150000
10450;2009;102;50000
12800;2008;170;90000
750;2016;0;80000
625;1997;0;150000
250;1997;0;150000
1599;2003;60;100000
16500;2011;170;80000
7400;2007;116;150000
300;1998;60;150000
3390;2001;131;150000
1100;2016;75;150000
4750;2004;140;150000
6150;2007;150;150000
1200;1998;58;150000
7999;2018;170;70000
3980;2001;109;150000
13700;2011;122;60000
12000;2010;105;70000
2650;2001;102;150000
2222;2003;0;150000
5250;2007;109;80000
850;1998;75;125000
250;1997;60;80000
3500;2004;113;150000
2499;2005;60;90000
2800;2003;103;150000
11490;2012;101;40000
9950;2008;177;150000
750;1990;84;150000
450;1994;116;150000
3400;2001;60;40000
350;2000;0;150000
2000;2017;174;150000
500;1999;0;150000
5200;2007;105;150000
4899;2006;184;150000
1;2003;130;150000
4000;2006;80;150000
3590;2003;188;125000
9900;2006;155;90000
999;1996;60;150000
2200;2001;116;150000
9500;2012;106;50000
1450;2000;102;150000
1750;1999;60;150000
499;1985;0;150000
7750;2001;99;100000
5500;2004;173;150000
4300;2009;80;150000
0;1989;75;100000
3600;2003;116;150000
17800;2011;147;50000
1600;2000;184;150000
5500;2007;69;150000
1500;2002;194;150000
600;2002;75;125000
3200;2004;140;150000
11000;2003;306;150000
3300;2005;0;150000
1890;1997;101;150000
2276;1997;75;150000
2600;2002;60;125000
6500;2007;177;150000
12900;2006;150;150000
5300;2008;69;80000
3300;2003;86;150000
2290;2001;120;150000
1300;1990;54;150000
2990;1998;170;150000
1000;1998;207;150000
2299;2017;68;150000
13900;2009;131;125000
1800;1988;0;150000
4300;2010;69;125000
700;1995;116;150000
15900;2009;177;125000
300;2005;0;5000
4100;2007;0;150000
4495;2011;71;90000
17900;2009;205;5000
7950;2009;125;90000
1877;2002;101;150000
1250;2005;0;150000
1699;2001;75;125000
2500;2006;136;150000
850;2000;54;150000
20000;2011;265;50000
8500;1988;171;150000
2999;2002;82;90000
4990;1983;136;150000
750;1998;150;150000
950;1995;113;150000
650;2003;120;150000
600;1999;116;150000
8250;2013;90;60000
1199;1999;75;150000
8249;2016;177;150000
1500;1983;122;150000
15390;2011;140;40000
1399;2001;105;125000
2;2002;272;5000
899;1991;60;125000
1200;1998;101;125000
2250;1999;160;5000
0;2017;750;150000
2500;2002;110;150000
3150;1996;150;150000
1000;1994;192;150000
3150;2004;75;150000
3950;2007;80;125000
4550;2007;95;150000
1100;2002;58;150000
3850;1994;78;150000
3500;2008;91;70000
2100;2002;75;150000
2600;2005;0;150000
200;2005;0;150000
11400;2006;340;150000
1499;2017;95;150000
1200;1998;170;150000
7500;2005;115;125000
1699;1994;115;150000
2300;2001;115;150000
2499;2000;0;150000
17307;2013;102;80000
2790;2003;101;125000
3200;2007;0;150000
1500;2016;67;125000
2450;2003;54;150000
9300;2009;160;150000
2900;1992;231;150000
18500;2014;105;30000
1650;2007;67;150000
1950;1999;60;30000
2200;2018;0;20000
4500;2001;131;150000
1900;2000;54;50000
1200;2003;58;125000
6100;2007;163;150000
1799;2000;75;150000
1700;2000;101;150000
15000;2013;86;50000
3500;2002;116;150000
3850;2005;140;150000
2999;2002;101;150000
575;2017;140;150000
3100;2002;122;150000
12999;2007;197;150000
850;2001;75;150000
500;1999;55;150000
10333;2010;120;50000
8450;2010;116;80000
3650;2005;75;125000
1250;1998;101;150000
1250;2000;136;150000
2800;2004;60;100000
4590;2004;192;125000
3333;2018;77;60000
4499;1980;0;5000
3950;1997;150;125000
7150;2001;192;150000
2400;2003;0;150000
8990;2013;70;150000
2550;2002;61;40000
1600;1999;75;125000
3799;2009;68;70000
2700;2000;102;150000
0;2000;0;150000
5500;2009;90;70000
10250;2010;105;90000
1200;1998;0;150000
3800;2016;110;150000
15990;2013;163;90000
6350;2008;174;150000
13000;2011;184;60000
3000;1995;150;150000
150;2000;54;150000
1750;2003;60;125000
2500;2017;150;150000
1250;2000;131;150000
750;1996;90;150000
1000;1999;101;150000
2950;2003;125;150000
0;1996;75;150000
11555;2008;160;150000
17500;2009;235;150000
2000;2002;60;150000
1050;2000;145;150000
499;1994;140;150000
1600;1998;131;150000
19300;2017;143;125000
100;1999;130;150000
2300;1999;125;150000
2000;2006;63;80000
399;1999;100;150000
6595;2004;250;150000
300;2000;45;150000
4980;2006;200;150000
290;1994;106;150000
4900;2002;150;125000
13299;2011;102;30000
2000;2005;68;150000
1100;2000;0;90000
7950;2008;163;150000
4000;2016;179;150000
3400;2002;155;150000
1390;2018;0;150000
1100;1999;116;150000
3500;2000;184;150000
4950;2003;150;150000
2399;2005;110;150000
4444;2007;69;125000
6500;2004;163;125000
800;1998;89;150000
999;2001;0;90000
3400;2005;120;150000
12995;2010;125;40000
11799;2009;136;150000
700;2001;0;5000
3990;1999;102;40000
950;2000;0;150000
500;1999;102;150000
1150;2001;0;150000
7490;2009;144;100000
8500;2000;265;150000
19990;2014;150;40000
3780;2004;101;150000
4400;2009;80;60000
699;1996;0;100000
490;2005;0;150000
2850;2001;102;150000
12400;2004;272;150000
7900;1965;82;80000
11000;2006;349;150000
6950;2010;86;125000
3650;2001;286;150000
280;1995;40;150000
1150;1999;60;150000
1390;2017;107;150000
3450;1999;170;150000
500;2001;220;150000
5900;2006;140;150000
1800;2004;95;150000
1200;2004;68;150000
1499;1998;150;150000
999;1998;0;150000
12500;2008;131;150000
6300;2006;140;150000
6500;2017;126;125000
6300;2007;105;150000
1900;2005;95;125000
997;2001;60;150000
8887;2013;60;50000
4950;2006;101;125000
699;1970;0;100000
6100;2003;163;150000
4450;2006;75;150000
750;2017;102;150000
1050;2000;130;150000
13980;2011;0;80000
900;1985;41;80000
999;2001;186;100000
15800;2011;260;50000
10499;2007;218;125000
1099;2002;75;150000
500;1999;55;150000
4300;2007;80;80000
699;2016;0;150000
5888;2009;80;100000
2700;2002;115;150000
300;1999;90;150000
1150;1998;101;150000
3500;2007;92;150000
850;2002;64;150000
2500;2001;109;150000
5200;2004;0;150000
3500;2003;103;100000
10299;2010;90;125000
5500;1978;156;150000
14999;2006;231;150000
200;2005;0;100000
4900;2010;60;150000
4800;2008;86;90000
4250;2001;75;90000
8350;2000;102;150000
1000;1997;115;150000
350;1995;60;150000
1800;1998;90;150000
1000;1996;122;150000
11490;2009;125;70000
7990;2010;86;50000
4200;1999;218;150000
1300;1999;65;150000
2200;2017;150;150000
4300;2007;170;150000
500;1999;54;90000
8950;2017;102;80000
990;2001;116;150000
1290;1999;101;125000
8199;2005;200;150000
13900;2004;163;50000
800;1998;0;150000
3300;2002;129;150000
5999;2017;190;150000
650;1999;110;150000
3900;2002;170;150000
3950;2004;116;125000
9100;2008;140;125000
1299;1998;140;150000
0;1997;0;150000
3900;1997;116;5000
3500;2016;69;125000
7200;2006;158;150000
3000;2002;101;150000
2850;2003;0;150000
840;1998;75;5000
1699;1998;50;150000
18500;2014;131;70000
1699;2003;209;150000
13150;2010;197;150000
15000;2009;190;150000
2500;1997;64;150000
5000;2005;125;125000
2699;2004;75;150000
3999;2002;131;150000
1;2001;55;150000
1990;1990;108;150000
3500;2002;109;125000
7400;2016;0;150000
2700;2001;102;150000
3800;2006;140;125000
14600;2008;177;150000
19500;2010;325;70000
4880;2007;101;150000
1800;1999;128;150000
2399;2002;65;125000
2600;2005;0;150000
8850;2005;163;100000
19999;2009;200;125000
4450;1992;98;150000
3300;2009;76;70000
4600;2005;80;80000
9999;2006;170;150000
11600;2011;117;125000
17000;2011;156;60000
3000;2005;0;150000
5500;1997;193;150000
2800;2009;54;90000
6250;2007;105;150000
3999;2009;0;125000
1150;1993;135;150000
14999;2009;0;150000
3300;1991;129;150000
1500;2005;90;60000
2300;2017;95;150000
17250;2006;174;150000
1550;1997;60;80000
1500;2001;43;150000
1850;1991;115;150000
6000;1995;200;150000
4000;2005;64;90000
350;1997;75;60000
4400;1991;185;150000
14250;2009;272;125000
2720;1995;0;150000
0;1993;0;150000
1500;2000;147;150000
8500;2009;140;60000
1700;2004;60;90000
4000;1995;0;150000
4400;2005;61;60000
499;1995;115;150000
8300;2011;116;100000
10700;2018;151;150000
400;2017;0;150000
5990;2004;102;80000
8000;1997;260;150000
3390;1996;0;150000
0;2005;69;125000
4500;2006;111;70000
3800;2002;102;100000
1800;1995;129;150000
11400;2009;143;150000
333;1997;75;125000
3650;2007;80;150000
2390;2000;101;125000
1500;1998;75;150000
1300;1986;54;150000
2100;2002;125;150000
5750;2011;87;90000
1300;2004;58;125000
500;1991;69;150000
4500;2003;190;150000
3200;2003;125;150000
2200;2002;150;150000
9999;2009;140;70000
7200;2016;0;150000
1300;1994;0;150000
1400;2000;54;150000
10490;2013;90;40000
6000;2008;100;90000
14990;2005;350;150000
2650;2017;75;100000
0;2012;177;80000
1990;1996;110;150000
300;1998;141;150000
1100;2001;56;150000
0;1995;60;150000
4500;2009;65;40000
1750;2001;163;150000
950;2002;60;125000
13333;2008;190;150000
13800;2012;114;150000
9500;2016;116;125000
16999;2015;110;20000
4999;2004;75;125000
199;1997;0;150000
11300;2009;140;150000
3100;2005;953;150000
200;2000;0;150000
700;2000;74;150000
3000;2000;41;125000
3990;2004;90;125000
1200;2000;101;150000
6500;2006;170;125000
598;2003;65;150000
1200;2000;105;150000
2600;2002;155;150000
4500;2018;0;150000
17000;2009;204;100000
8290;2000;218;150000
7200;2010;86;50000
2890;2003;109;70000
1600;2003;55;20000
1000;2018;101;150000
15780;2013;141;125000
1400;2004;69;150000
11250;2013;136;40000
2900;2005;0;150000
6800;2017;0;150000
11499;2012;0;30000
4000;2006;140;150000
2900;2003;116;150000
3300;2004;0;150000
4000;2002;145;125000
6700;2013;86;30000
14999;2015;101;20000
749;1999;148;150000
3300;2002;131;100000
1800;2017;115;150000
1950;2004;90;125000
799;2002;75;100000
17000;2011;250;60000
4600;2006;105;150000
4750;2009;69;60000
2500;2005;0;150000
990;2002;136;150000
5990;2003;150;150000
2700;2005;68;150000
3500;2002;102;150000
2650;2004;50;125000
4150;2009;115;150000
4800;2004;150;150000
6700;2006;140;150000
799;1999;125;150000
290;1999;0;125000
8990;2003;170;150000
3800;2002;131;150000
1000;1995;71;150000
1100;1998;0;5000
10900;2008;143;150000
4150;2001;131;150000
2500;2002;82;125000
16950;2013;122;30000
3500;2001;60;70000
4150;2004;102;125000
150;1998;55;150000
16900;2007;272;150000
2000;2000;118;150000
10350;2007;179;150000
2200;2000;197;150000
3600;2001;131;125000
5500;2004;204;150000
1300;2018;0;125000
3399;2002;90;150000
4500;2000;63;80000
11500;2011;150;60000
15999;2008;290;150000
1500;2000;0;150000
470;1997;67;150000
3990;2004;75;90000
750;2018;40;150000
18750;2014;150;20000
1690;2017;0;150000
5200;2007;80;125000
4400;2007;160;150000
19999;2011;177;40000
1500;1997;150;150000
8499;2011;105;150000
1000;2000;90;150000
500;2001;55;150000
550;1999;60;150000
0;1996;150;150000
3000;2000;116;150000
13999;2010;160;150000
16800;2009;136;90000
14990;2014;90;20000
899;2003;128;150000
200;1997;239;150000
3600;2007;0;150000
4500;2004;174;150000
3500;2007;111;125000
2999;2008;0;150000
8300;2017;170;150000
2200;1997;84;150000
1800;2002;167;150000
200;2017;0;125000
500;1999;110;150000
7999;2012;105;150000
1550;2002;101;150000
16500;2016;233;150000
6600;2009;110;150000
850;1999;73;150000
550;1994;122;150000
16000;2011;140;125000
2500;2005;139;150000
0;2000;0;100000
8000;2004;231;150000
15900;2015;90;20000
6290;2013;68;30000
2900;1995;150;150000
850;1997;116;150000
16900;2013;163;150000
2400;2002;150;150000
16900;2011;143;70000
100;2016;39;150000
5800;2009;69;125000
16900;1969;300;100000
6700;2009;69;100000
1899;1991;70;150000
1450;2001;58;150000
3500;2000;150;150000
17800;2006;131;80000
13900;2011;211;125000
3990;2001;170;150000
4200;2004;75;125000
7250;2017;101;150000
650;1994;90;125000
1150;2017;115;150000
7500;1976;65;50000
17900;2012;150;70000
3200;2008;68;70000
850;1995;95;150000
16500;2009;170;90000
650;1998;125;150000
6700;2017;131;150000
550;1989;113;150000
2899;2004;140;150000
4899;1998;193;150000
2199;2003;100;150000
4199;2004;250;150000
4500;2004;163;150000
13999;2010;192;80000
215;2000;90;150000
2000;2000;55;150000
6990;2004;143;100000
4000;2006;111;125000
1699;2003;0;150000
3500;2004;109;150000
19900;1992;299;150000
900;1999;55;150000
850;2002;0;150000
6800;2006;116;125000
500;2000;0;150000
100;2010;0;20000
500;1995;102;150000
800;2017;75;150000
16800;2012;143;125000
5000;2008;116;150000
200;1999;45;150000
14500;2007;140;100000
0;1995;125;150000
8400;2013;101;60000
4500;2002;333;150000
500;1999;140;150000
2300;2008;58;150000
3900;2017;193;150000
3990;2003;131;150000
1900;1988;101;150000
250;1996;90;150000
3500;2006;136;150000
1300;2002;125;150000
1499;2005;65;100000
4300;2002;102;150000
13399;2003;171;125000
2900;2002;136;150000
1200;2004;0;70000
4500;2001;193;150000
2350;2000;118;70000
1600;2004;95;150000
800;1998;147;150000
8500;1999;218;100000
1700;1999;102;150000
1400;2000;93;150000
700;1996;150;150000
580;1998;170;150000
890;1998;90;150000
599;1996;150;150000
3200;2002;111;150000
4990;2003;110;125000
900;1999;101;150000
5000;2008;120;90000
1900;2000;150;150000
899;2000;116;125000
5000;2010;150;90000
500;2000;101;150000
650;2000;0;150000
0;1998;136;150000
2990;2002;147;150000
6000;1990;75;125000
9300;2016;200;150000
17500;2000;231;100000
5250;2003;143;150000
1000;2004;73;150000
430;2001;102;150000
14300;2012;143;125000
2200;2003;65;80000
999;1996;170;150000
1750;1995;211;150000
18900;1991;160;150000
550;1996;136;150000
2750;2007;120;150000
13998;2009;170;100000
3900;2002;101;125000
150;1996;60;150000
1299;1997;116;150000
6990;2004;163;150000
7999;2012;77;20000
1700;1999;110;150000
8900;2008;171;150000
10900;2008;115;90000
980;1999;82;150000
2200;2017;60;125000
0;2004;100;150000
2650;2007;109;150000
6700;1996;190;150000
11300;2010;163;125000
3800;2003;150;150000
2500;2009;0;60000
7800;2004;0;60000
850;2000;75;150000
3600;2006;90;150000
10790;2008;156;125000
850;2000;0;150000
5890;1998;241;150000
6900;2007;190;150000
4900;2002;204;150000
8350;2010;105;150000
1250;2000;131;150000
1200;2001;101;150000
1100;1996;90;150000
6500;2008;140;125000
7500;2011;160;40000
1599;2017;45;150000
8990;2010;142;50000
1450;2017;0;150000
1111;2004;0;150000
900;2005;0;150000
0;2007;500;100000
1950;2000;131;150000
9200;2015;75;5000
2499;1998;165;150000
1000;1999;50;150000
3400;2003;110;150000
1800;2000;75;150000
350;2016;136;150000
1340;1999;101;150000
1400;1992;125;150000
1900;2002;129;150000
350;2000;60;125000
13990;2010;170;100000
8199;2008;109;150000
1999;1999;75;150000
8990;2013;71;10000
16900;2009;143;90000
4150;2005;91;125000
999;1994;75;150000
2900;2005;75;125000
500;2016;0;90000
2200;1998;150;150000
7000;2011;86;70000
2300;2002;109;150000
2600;2005;54;150000
2990;2001;131;150000
0;2003;51;150000
2000;2004;136;150000
4111;2017;0;150000
7999;2007;80;50000
850;2016;101;5000
9500;2009;0;125000
5500;2008;140;150000
1650;2005;170;150000
4900;2005;129;150000
210;2000;75;150000
400;1998;0;150000
4750;1998;190;150000
8200;2005;150;150000
400;1995;0;150000
2300;2004;88;150000
11999;2009;122;5000
400;2000;0;150000
2300;2000;68;150000
0;1998;58;150000
12790;2006;313;150000
4490;2009;105;150000
4200;2008;71;150000
3600;2009;69;125000
150;2000;60;150000
2999;1998;101;150000
800;1970;0;20000
650;1996;60;80000
1699;2005;54;80000
13400;2007;131;60000
1750;2017;101;150000
19200;2011;156;100000
2700;2002;110;150000
650;2000;109;125000
3690;2003;75;100000
3400;2008;78;125000
3500;1984;120;150000
950;2000;145;150000
2650;1999;218;150000
6999;2013;69;20000
0;2005;0;150000
14489;2013;105;60000
1499;2004;60;150000
3200;2004;95;125000
0;2006;170;150000
1400;2000;150;150000
8990;2011;128;60000
1590;2009;54;80000
300;1995;0;150000
8900;2001;343;150000
4400;2009;116;150000
13490;2010;170;125000
950;2002;110;150000
1350;2017;90;150000
5899;2010;101;150000
2799;2003;170;150000
4900;2004;90;90000
7950;1979;95;150000
500;1991;45;100000
1680;2000;0;150000
1350;1980;0;50000
1690;2000;94;150000
890;1998;102;150000
2900;1997;125;150000
3300;2005;80;40000
550;1990;90;150000
11850;2006;224;150000
1950;1996;75;70000
1000;2017;60;150000
400;1992;150;150000
16990;2006;199;150000
4500;2006;120;150000
2000;2001;90;150000
4500;2003;143;150000
5900;1990;98;150000
1350;1996;125;150000
1100;2001;136;150000
250;1999;119;150000
2399;1999;136;150000
1700;2002;164;150000
7250;2011;90;80000
9700;2008;170;150000
1100;1999;60;150000
5000;2005;256;150000
950;1996;75;150000
6500;2009;125;125000
8500;1987;170;150000
888;2016;54;100000
19900;2012;170;70000
10000;1982;108;100000
2500;2005;90;150000
8900;2005;209;150000
599;1991;75;150000
3150;2008;109;150000
300;1997;125;150000
0;1995;0;150000
8000;2005;0;100000
300;1998;75;150000
1100;2017;102;150000
1100;2017;75;150000
8750;2005;231;150000
1500;1999;105;125000
10900;2008;116;40000
9250;2008;150;150000
7000;2010;112;80000
0;2015;0;125000
3800;1992;110;150000
4500;2006;109;125000
8590;2013;87;30000
12400;2008;224;150000
0;1997;170;5000
1700;2003;107;125000
2990;2002;109;150000
2400;2002;116;150000
500;2000;116;150000
2250;1991;90;150000
7390;2004;179;150000
1950;2003;64;150000
2400;1998;170;150000
500;2000;44;150000
10400;2009;109;90000
300;1993;75;150000
750;2016;116;150000
950;2000;75;150000
900;1997;60;150000
4900;2008;105;150000
2600;2003;170;150000
1300;2016;101;150000
2800;1998;115;90000
0;2017;0;150000
1000;2018;82;150000
700;1998;65;150000
2890;1998;101;150000
395;1998;101;150000
2590;2006;88;150000
1000;2000;120;125000
2399;2001;75;50000
6499;2007;170;30000
3100;2017;200;150000
3650;2017;140;150000
8000;2012;114;100000
999;1990;0;30000
750;1998;0;150000
2350;1999;110;150000
250;1998;100;150000
4999;2005;192;125000
1;1996;0;150000
11999;2007;306;150000
8450;2009;122;90000
666;1997;60;150000
4700;2001;192;150000
3500;2006;95;150000
1400;2001;75;150000
7000;2004;218;150000
12500;2012;92;60000
1500;2002;105;150000
0;1995;0;5000
4700;2008;71;125000
0;1999;115;150000
3800;2017;0;150000
1699;1992;0;150000
1100;1999;193;150000
800;1998;60;150000
750;1992;50;150000
9250;2017;114;90000
3500;2002;84;150000
3499;1985;39;40000
13800;2008;140;125000
11500;1991;326;150000
5500;2006;102;150000
9800;2007;235;150000
1900;2005;101;150000
11750;2013;86;50000
3700;2007;150;150000
6199;2004;171;150000
300;1998;54;150000
1800;1997;150;150000
9449;2005;178;150000
750;1998;56;150000
1800;2003;103;125000
6000;2011;60;20000
2300;2003;109;125000
6900;2006;143;125000
750;1997;45;100000
3190;2003;69;150000
2900;2004;121;150000
800;2016;75;150000
4950;2008;77;100000
700;2016;90;150000
13490;2010;163;125000
5800;2006;150;150000
9950;2011;130;150000
0;2003;0;150000
999;2000;50;150000
3400;2004;105;150000
1400;1996;60;20000
1999;1999;0;150000
3500;2017;143;150000
1299;2005;95;150000
80;2016;45;150000
9750;2005;226;90000
9500;2007;140;50000
3290;2001;131;150000
3399;2004;163;125000
15000;1980;67;150000
1500;1999;0;150000
11900;2006;286;150000
12000;2012;140;125000
5000;2001;170;150000
0;2006;0;150000
350;1997;0;150000
7999;2005;95;100000
3800;2017;110;150000
800;1992;75;150000
5299;1990;170;100000
3499;2003;116;150000
4100;2017;105;150000
1000;2000;68;125000
1299;2003;0;150000
9000;1972;80;125000
799;1998;60;125000
3999;2002;109;70000
8200;2005;204;150000
800;2000;60;150000
1700;1982;0;150000
11500;2018;200;60000
250;2016;0;20000
4349;2005;150;150000
800;2017;125;150000
2500;2001;0;150000
80;1990;0;150000
3500;2005;54;60000
7399;2004;256;150000
599;1997;54;150000
7950;2010;101;30000
10500;2017;150;125000
450;1998;75;150000
9500;2017;95;90000
1100;1998;101;150000
3500;2007;70;125000
2250;2016;174;150000
7950;2005;140;150000
700;2000;0;150000
4500;2005;102;150000
2850;2004;120;90000
6300;2008;105;150000
550;1996;54;150000
5300;1999;310;150000
1549;1998;75;150000
1700;1992;116;100000
1100;2000;140;150000
4300;2006;125;150000
5500;2008;140;100000
4850;2004;163;150000
2600;2005;0;150000
13299;2011;122;60000
4500;2005;130;5000
800;1999;75;100000
2290;2003;103;100000
6980;2013;60;20000
1750;2018;54;90000
6400;2009;140;150000
200;1997;0;150000
2900;1997;165;150000
400;1999;75;150000
2450;2005;105;150000
400;1999;131;150000
2800;2000;184;150000
1850;2003;136;150000
7000;2006;177;150000
17199;2010;203;100000
2750;2005;136;150000
5450;2000;150;90000
0;1993;143;150000
5400;2007;95;150000
2750;1998;116;150000
5900;2004;150;125000
6099;2012;69;80000
2800;1991;150;150000
1190;2000;75;150000
18700;2009;160;70000
1900;1994;192;150000
3250;2005;101;150000
500;1994;88;150000
2900;2007;88;125000
2345;2001;45;90000
150;2016;75;70000
1111;2001;50;150000
800;1999;101;150000
0;1970;0;150000
7300;2009;80;125000
4500;2007;54;60000
2950;2001;129;150000
0;2000;0;5000
16950;2009;140;90000
8000;2016;0;125000
8950;2008;177;150000
699;2016;60;150000
1550;1993;60;150000
2600;2004;0;5000
9500;2008;136;125000
1600;2003;75;125000
870;2000;16;150000
4600;1983;170;90000
1999;2002;125;150000
11250;1999;120;150000
9999;1982;69;50000
650;2016;75;5000
400;2000;58;150000
8000;2009;115;150000
0;1993;101;100000
1190;2016;101;150000
1300;2004;60;150000
4000;2007;101;150000
12490;2010;185;125000
11490;2007;200;90000
0;2017;193;150000
1000;1994;116;150000
2099;2007;69;90000
2250;2003;75;150000
15400;2010;170;150000
599;2000;85;150000
7300;2005;231;150000
1450;1999;58;80000
2190;2000;0;100000
10900;2009;125;100000
1100;1996;101;150000
1300;1996;0;150000
5000;1995;220;150000
8600;2004;163;125000
14000;2006;265;125000
850;2003;103;150000
5900;2016;0;150000
5400;2003;177;150000
9950;2008;155;125000
301;2015;136;30000
13999;1995;193;5000
1550;2007;88;150000
1600;1991;132;150000
600;2001;120;150000
14500;2006;250;150000
10500;2011;105;60000
2999;2005;75;150000
1700;2000;163;150000
2950;2004;90;100000
1290;2001;101;150000
13900;2006;476;150000
6750;1994;264;125000
750;1998;60;150000
400;1998;0;150000
1599;1995;68;150000
3950;2005;109;150000
750;2000;0;150000
570;2016;75;150000
17444;2008;265;125000
1480;2018;54;150000
6300;2002;88;125000
400;1999;152;150000
680;2017;90;80000
1400;2005;82;100000
3000;2002;180;150000
900;1993;150;150000
9990;1993;193;80000
2750;2003;47;150000
5600;2005;110;100000
999;1996;75;150000
1300;1999;50;150000
1800;2006;0;90000
1550;1994;150;150000
12999;2016;140;150000
700;1998;60;150000
12500;2009;175;150000
3500;2010;60;60000
890;1989;132;150000
1800;2000;0;150000
700;2000;115;150000
3000;2003;140;150000
1790;2018;58;125000
1499;2002;60;150000
2879;1991;77;30000
6150;2005;117;125000
2500;2002;65;150000
4750;2003;156;150000
3200;2009;0;150000
4200;2005;0;150000
9300;2007;150;125000
550;2000;55;150000
2700;2001;131;150000
4650;2004;105;90000
4200;2004;77;150000
1650;2000;101;150000
4800;2003;116;150000
1200;1994;136;100000
2700;2005;61;100000
350;2012;204;60000
6500;2003;170;125000
5750;2005;155;150000
0;2015;0;5000
5900;2002;163;125000
799;1998;90;150000
3100;2008;0;150000
3799;2000;163;150000
0;1983;0;150000
6000;2005;200;150000
5550;2007;102;150000
2700;2000;125;150000
3990;2017;81;60000
5000;2005;75;125000
250;1997;144;150000
2800;2006;0;125000
600;1996;75;150000
1;1995;75;150000
900;1998;75;100000
6450;2012;71;60000
4444;2002;101;125000
2400;2016;101;150000
2400;2003;133;150000
3300;2018;102;150000
3700;2008;45;150000
500;1995;50;150000
750;1999;0;150000
1300;2017;0;150000
2100;2007;109;150000
12900;2012;102;70000
5200;2004;272;150000
5350;2000;184;150000
6790;2017;85;50000
6000;1997;193;150000
1400;2017;0;150000
590;2001;57;125000
1090;2001;75;150000
8300;2006;150;150000
16890;2009;185;150000
1950;2003;75;150000
19500;2000;306;70000
400;2000;100;5000
300;2000;75;150000
2699;2001;82;125000
7500;2006;140;150000
2500;2017;75;90000
2800;2017;95;150000
13000;2006;272;150000
7000;2007;0;150000
150;1996;55;150000
2650;2005;54;125000
9500;2004;170;150000
5700;2009;109;150000
12900;2012;136;150000
6500;2011;0;60000
8900;2004;250;150000
12290;2013;101;30000
2800;2004;82;125000
800;1999;101;150000
899;2001;59;150000
1850;2002;150;150000
3900;2002;75;100000
2650;2008;75;150000
15990;2008;179;125000
790;2001;60;150000
12800;2011;184;125000
1500;1995;192;150000
7200;2012;75;50000
6900;2008;143;150000
4500;2008;109;150000
600;2000;0;150000
250;1996;0;100000
4150;2006;109;125000
300;1994;60;150000
2500;1996;102;150000
4100;2009;140;80000
450;1995;90;150000
980;2017;0;150000
250;2016;131;150000
2000;2005;63;80000
4300;2002;109;150000
450;2000;50;150000
350;1986;75;40000
999;2007;75;150000
1100;1999;75;150000
1500;2006;75;100000
13900;2009;143;70000
3500;1991;192;150000
250;2017;101;20000
1690;1996;90;150000
6500;2005;177;150000
1899;2003;75;125000
1500;2000;0;150000
6000;2004;140;150000
550;1996;45;150000
4400;2009;73;125000
9499;2010;160;125000
5500;2000;170;150000
15500;2004;367;150000
9500;2014;70;30000
2499;2000;163;150000
790;2002;0;150000
2500;2008;58;125000
6900;2008;140;150000
790;2000;0;150000
0;2009;201;80000
2300;1994;150;150000
6200;1997;193;150000
700;2016;0;150000
999;2000;60;150000
9550;2007;170;150000
1600;1999;0;60000
8500;2007;226;100000
4850;2011;60;40000
5900;1978;80;80000
850;1997;136;150000
9000;2008;102;125000
6500;1999;179;150000
4600;2016;150;150000
799;2001;114;150000
4000;2004;0;150000
3100;1999;120;150000
5500;2006;0;125000
9800;2012;108;60000
1550;2002;116;150000
5500;2007;143;125000
5100;1995;220;150000
7799;2006;200;125000
200;2000;60;125000
1400;2002;75;150000
2500;2000;118;150000
5400;2007;95;100000
800;1999;60;125000
9250;2009;102;50000
750;2000;75;150000
0;1991;0;150000
0;2005;105;150000
7999;2008;0;100000
0;2000;0;150000
3850;1998;102;150000
0;2000;45;150000
3300;2003;0;150000
8999;2005;224;150000
5400;2001;192;150000
3000;2006;0;150000
1300;1996;60;80000
13500;2007;286;150000
700;2000;0;150000
9999;2009;120;80000
3190;2000;165;150000
3900;2007;101;70000
1199;1995;200;150000
5000;2007;126;50000
3850;2011;61;60000
1600;2016;0;150000
1400;2004;116;150000
1100;2000;170;150000
4950;2008;140;150000
1600;1996;140;150000
7400;2008;105;150000
4990;2008;75;50000
6500;1999;150;150000
1300;2005;109;150000
10500;2008;145;80000
590;2017;0;150000
2800;2004;50;70000
1899;1998;90;5000
9100;2011;105;70000
3950;1980;0;60000
9999;2002;145;40000
550;2000;60;150000
2750;2006;54;150000
1800;2002;75;150000
0;2000;0;150000
7500;2007;140;150000
500;1997;60;150000
12500;2008;204;150000
2750;1997;84;150000
3999;2008;95;125000
2490;2003;109;150000
13600;2010;131;60000
7199;2007;197;150000
1950;2006;140;150000
200;1994;60;5000
2100;1996;54;125000
3100;2000;0;150000
2400;2004;0;150000
4000;2003;74;125000
1700;1992;115;150000
850;2002;0;150000
200;2016;60;150000
1300;1980;110;150000
4650;2008;135;150000
300;1999;55;150000
750;1997;54;150000
1999;1997;150;150000
499;1999;90;150000
3299;2005;105;150000
3899;2006;125;150000
3400;2010;58;100000
1000;1996;115;150000
600;1995;0;150000
6450;2007;143;150000
7500;2010;82;70000
7799;2012;75;30000
2000;2004;101;20000
3150;2005;74;70000
800;1998;116;150000
8000;2004;170;150000
700;1996;90;150000
2900;2000;0;150000
2000;1998;279;150000
2650;2001;75;100000
1990;2004;64;150000
900;1995;115;150000
7450;2006;140;150000
780;2005;0;150000
6590;2005;204;150000
1200;2001;101;150000
2450;2001;98;80000
2499;2017;185;150000
2000;2016;116;150000
290;1999;136;150000
4100;2005;0;150000
12950;2007;235;150000
0;1995;82;150000
1250;1995;0;150000
6750;2007;185;150000
3149;2001;0;150000
1850;2001;75;150000
2150;2002;116;150000
1199;1997;118;150000
250;1996;0;150000
2200;1995;150;150000
9850;2014;86;30000
8500;2008;170;150000
2000;1995;326;150000
1450;2016;0;150000
3800;2009;68;70000
8900;2004;218;150000
13250;2012;150;50000
700;1999;44;150000
3890;2018;106;125000
600;2016;0;150000
4500;2001;101;150000
1750;2003;60;150000
5950;2005;116;150000
4200;2000;165;150000
350;2001;85;150000
0;2008;147;150000
2100;2006;207;150000
11930;2008;204;150000
700;2000;75;150000
750;2002;105;150000
1200;2004;0;150000
4999;2007;0;125000
5990;2005;102;90000
200;2001;60;125000
300;1997;0;150000
350;2000;0;150000
500;1993;90;150000
1000;2007;90;150000
2000;2000;101;150000
0;1991;55;5000
16900;2018;211;40000
1850;2018;100;150000
800;1995;75;150000
5399;2010;54;125000
1000;1998;118;150000
8500;2011;81;150000
1600;1998;101;150000
15999;2009;143;125000
8600;2007;129;125000
450;1994;90;150000
899;2018;0;150000
8200;2003;102;150000
1200;2017;0;150000
1100;2000;55;125000
3299;2007;121;150000
650;2000;0;150000
500;2017;101;150000
1300;1998;102;150000
13900;2003;228;90000
8500;2012;69;50000
1350;1999;60;150000
1400;1997;101;150000
600;2001;60;125000
8500;2007;140;125000
13131;2011;140;125000
9990;2009;140;150000
3600;2004;109;150000
500;1999;60;150000
599;1998;177;150000
3799;2003;163;150000
6499;2006;105;150000
5500;2006;116;100000
750;2002;0;150000
2900;2004;177;150000
1650;2001;54;150000
5499;1992;100;150000
700;1999;0;150000
780;1998;0;150000
11500;2003;306;150000
9500;2007;184;20000
2390;2003;116;150000
1800;2004;64;150000
15000;2017;163;100000
8000;2012;114;100000
780;1997;0;150000
6100;2006;80;30000
1000;2017;136;150000
5749;2003;177;150000
6900;2011;140;150000
11200;2006;218;150000
1290;1999;75;150000
1550;2004;118;150000
13900;2007;163;90000
3300;2003;184;150000
490;2003;109;150000
600;2002;0;150000
1600;2002;0;150000
0;1999;0;125000
120;1999;45;150000
800;1995;75;80000
13800;2005;272;90000
300;2001;102;150000
12999;2008;306;150000
1700;2003;101;150000
800;2017;0;125000
0;2005;130;150000
3600;2004;105;125000
9999;2003;231;150000
0;1985;109;150000
299;2000;101;150000
900;2016;116;150000
8600;2009;143;150000
700;1998;193;150000
2000;1990;211;150000
5555;1979;0;10000
1600;2002;75;100000
12300;2010;105;100000
6450;2004;116;150000
1600;1996;0;60000
7600;2006;150;125000
5800;2000;150;125000
3999;2003;131;150000
3899;2007;71;70000
2299;2001;130;150000
19999;2014;150;50000
0;2010;115;70000
950;2000;0;150000
200;2005;0;150000
2350;2000;120;150000
2700;2010;87;150000
2200;2003;101;150000
4990;2008;105;150000
4990;2005;64;125000
1200;1998;133;150000
900;1997;90;150000
14999;2003;174;150000
5200;2005;69;150000
1390;2017;0;150000
60;1994;0;150000
2650;2001;125;125000
16999;2007;232;150000
650;2000;135;150000
2750;2003;75;150000
4300;2004;0;125000
1700;2004;98;150000
1000;2001;136;150000
400;1997;0;150000
999;2000;75;150000
5600;2000;192;125000
799;2002;60;125000
5200;2005;150;100000
299;1995;112;125000
1900;2004;103;150000
1899;1995;150;150000
2500;2003;116;150000
10999;2005;231;150000
1100;2004;60;80000
1300;2002;141;150000
850;1999;54;150000
499;1995;125;150000
750;2017;100;150000
4500;2008;80;150000
3890;2018;106;125000
15500;2010;200;100000
1000;1999;90;125000
4500;2003;170;150000
5000;2009;0;100000
10500;2005;163;150000
3200;2006;0;150000
1200;1998;54;125000
3998;2002;179;150000
8599;2007;231;150000
4500;2017;116;150000
1200;2003;58;125000
700;2000;155;150000
1599;2000;50;150000
5100;2006;116;150000
6500;1990;98;150000
10900;2013;120;30000
1350;1999;116;150000
399;2003;0;150000
1900;2002;83;150000
2200;2000;115;150000
750;1990;0;150000
2999;1998;140;150000
5100;2006;140;150000
800;2000;125;150000
4477;2000;116;150000
3500;2002;85;150000
450;1997;60;150000
2500;1993;0;100000
475;2017;0;150000
3250;2003;101;150000
6400;2005;140;125000
699;1995;75;100000
3500;2001;129;125000
5350;2006;109;90000
9000;2011;90;70000
500;2000;75;150000
998;2001;60;150000
1900;1999;75;150000
1150;1999;110;125000
1649;1997;102;150000
15800;2000;102;150000
1900;1999;105;150000
1200;1994;102;150000
15490;2008;170;70000
6600;2016;232;150000
500;1990;0;5000
350;1998;75;150000
6470;2006;116;125000
900;1997;101;150000
2200;1998;150;150000
199;1990;99;150000
800;1999;110;150000
3599;2006;114;150000
3500;2002;170;150000
4300;2011;69;60000
375;1991;115;150000
12500;2009;150;125000
1150;2004;68;150000
1500;1999;0;150000
777;1994;122;150000
16500;2012;155;60000
1600;1998;193;150000
1900;2001;0;150000
2100;1991;90;150000
6490;2007;140;150000
16700;2006;306;125000
3600;1968;0;90000
4500;2010;150;125000
1;1990;0;150000
12799;2011;143;150000
999;1995;101;150000
380;1999;60;150000
550;1994;0;150000
150;1997;75;150000
3349;2017;129;150000
1500;2001;174;150000
300;1998;115;150000
860;2017;60;150000
5200;2002;170;150000
2950;2004;145;150000
6500;2017;105;150000
4500;2009;80;60000
1400;2016;150;20000
5500;2009;80;125000
1900;1996;114;150000
899;2003;82;125000
400;2000;0;150000
4000;2001;170;125000
4800;2005;140;150000
7900;2007;95;70000
8950;2008;232;150000
289;1999;0;150000
8000;2004;218;150000
920;2003;75;150000
5200;2008;120;125000
500;2000;60;150000
3600;1997;170;150000
1300;2017;75;150000
40;2014;0;5000
2900;2010;67;80000
14900;2010;160;50000
750;1998;54;150000
7999;2005;131;150000
1750;2016;0;150000
800;2003;107;150000
400;1998;193;150000
19000;2012;150;40000
2000;2004;0;125000
8900;2014;105;40000
1000;2003;97;150000
4850;2005;140;150000
18999;2010;240;125000
850;1997;0;150000
2950;2005;75;90000
1000;1988;0;150000
650;1996;170;150000
1499;2000;60;80000
2795;2005;102;125000
6300;2007;105;150000
1000;2000;82;150000
4600;1997;208;150000
7600;2010;143;150000
300;1994;0;150000
2399;2002;50;125000
2350;2001;90;150000
4600;2009;67;30000
7700;1990;116;90000
14399;2010;150;60000
7499;2004;140;150000
1200;1993;52;150000
2900;2001;125;150000
2250;2000;105;150000
13666;2009;239;150000
5900;2009;177;150000
2999;2006;69;125000
750;1996;50;150000
2500;1998;150;150000
500;2000;0;150000
2990;2002;45;100000
5999;2005;150;150000
5750;1998;102;150000
1700;2000;105;150000
5390;2000;163;150000
4200;2004;102;150000
400;1997;66;150000
500;2005;124;150000
4500;1985;0;30000
650;1998;60;150000
5850;2005;140;150000
1600;2004;60;150000
899;1996;90;150000
2700;1998;210;150000
1290;2018;101;150000
4890;2006;90;100000
6800;2007;82;90000
1400;1996;116;150000
6000;2006;102;60000
1000;2002;125;150000
8100;2011;86;60000
7500;2012;116;150000
1;1999;150;150000
6999;2003;143;150000
500;1998;102;150000
4800;2005;163;150000
2300;2000;82;100000
1550;2005;60;150000
870;1997;54;150000
1190;1997;90;150000
749;2000;0;150000
250;1998;90;150000
4444;2006;140;125000
5399;2005;90;125000
2100;2003;105;150000
75;1998;75;150000
3900;2004;90;125000
4200;2005;90;150000
1000;2001;145;150000
1500;2000;75;150000
2300;1997;150;150000
790;1997;60;150000
9990;2007;170;150000
1150;2002;131;150000
1400;2006;73;150000
1990;1998;101;150000
16999;1985;109;150000
1390;1998;122;150000
1600;2008;46;125000
1800;1995;193;150000
3700;2001;90;150000
650;1994;45;150000
500;1998;60;150000
5200;2009;0;100000
2399;2000;75;90000
1400;1996;109;150000
1500;1977;75;150000
300;2016;53;90000
5300;2004;116;100000
6000;2018;182;125000
1000;1994;100;150000
8700;2014;67;20000
4500;1999;150;125000
2200;2003;0;150000
1100;2003;69;150000
10999;2006;435;150000
6900;2007;116;60000
2000;1989;171;150000
7500;2005;218;150000
1300;2000;50;150000
599;1994;103;150000
1000;2002;64;150000
3200;2007;140;150000
2900;1998;79;150000
500;1999;1001;150000
3650;1999;80;125000
1200;1999;150;150000
1850;1997;170;150000
3000;1998;120;150000
4900;2006;170;150000
6000;2005;0;90000
4790;2010;69;150000
2499;2001;90;150000
4222;2002;131;150000
15000;2013;182;40000
3300;1990;78;150000
999;1997;90;150000
1400;1999;179;150000
379;1994;105;150000
1100;1998;170;150000
0;1999;90;150000
1950;2000;143;150000
4000;1998;235;150000
3000;2003;116;150000
2700;1997;224;150000
3499;1998;68;90000
4400;2003;143;150000
12200;2010;143;150000
950;1996;170;150000
1390;1996;116;150000
1400;1993;116;150000
1650;2000;101;150000
2500;2000;82;150000
2650;1999;136;150000
399;1994;64;150000
1200;2017;58;150000
4500;2001;143;150000
1580;2000;75;150000
1050;1999;110;150000
6150;2008;143;150000
850;1996;0;150000
0;2004;105;150000
15700;2010;170;100000
1200;2003;0;150000
2400;2002;101;150000
2500;1999;99;150000
1690;2003;60;150000
1450;1999;50;150000
1990;2000;150;150000
11990;2007;150;150000
2600;1998;115;150000
1000;2000;107;150000
14500;2011;0;150000
1450;2016;0;150000
14990;2009;163;150000
3899;2004;105;150000
1400;2017;0;150000
2333;2017;125;150000
2500;2002;0;70000
250;1999;0;150000
4290;2003;131;150000
4490;2003;116;150000
7590;2008;143;125000
2750;2007;0;125000
2850;2007;75;150000
7999;2005;258;150000
18000;2008;306;150000
700;1999;0;150000
4990;2003;150;150000
300;1995;0;150000
5900;2012;71;60000
300;1997;54;125000
4880;2007;83;150000
16450;2014;105;60000
1450;2002;75;125000
8795;2013;65;40000
12900;2005;367;150000
4900;2007;0;150000
5500;2007;170;150000
5100;2006;177;150000
19999;2010;310;125000
2750;2004;109;150000
4499;2014;0;40000
699;2016;125;150000
2000;2002;129;150000
11900;2007;334;150000
3999;2003;163;150000
6500;2006;105;150000
10290;2005;177;150000
1250;2017;60;5000
399;2001;84;150000
2900;2017;116;150000
4600;2006;101;150000
3500;2018;194;150000
2890;2003;128;150000
2900;1999;150;150000
12490;2008;239;150000
13099;2012;179;60000
7000;2004;272;150000
4850;2006;120;150000
14900;2011;122;70000
0;2011;140;30000
100;1999;67;150000
1800;2004;0;150000
4999;2006;150;150000
4490;2003;101;150000
2799;2003;75;150000
1400;2001;139;150000
3300;2002;147;150000
750;1995;101;150000
1900;2000;180;150000
150;1996;100;150000
500;2000;0;150000
3800;2004;105;150000
14390;2015;107;20000
5999;2000;197;150000
3450;2003;64;100000
0;2006;60;125000
4000;2000;150;150000
1099;1996;50;60000
2200;2007;0;150000
4300;2003;241;150000
200;1997;75;150000
6900;2006;179;150000
15099;2011;140;150000
1000;1999;0;150000
7000;2007;163;150000
2489;2002;145;125000
3000;2006;136;150000
4100;2000;125;125000
3499;1999;170;150000
999;1998;118;150000
2490;1998;165;150000
200;1997;0;150000
399;1995;53;150000
500;1996;0;150000
50;1994;45;100000
400;1996;45;150000
9000;2009;143;150000
2100;2001;58;150000
10500;2005;225;150000
900;1999;131;150000
4600;2003;163;125000
8799;2007;170;150000
3350;2004;125;150000
1190;2001;50;150000
12400;2011;140;60000
399;1997;75;150000
1700;2003;59;80000
2900;1995;150;150000
0;1985;0;5000
3000;2005;54;70000
6990;2018;86;70000
650;1996;0;150000
12500;2013;165;80000
4500;1994;88;150000
9800;2007;140;150000
1500;2003;58;125000
17700;2009;163;100000
700;1987;0;100000
4500;2001;0;80000
0;2015;0;5000
2999;2002;170;150000
2350;2001;116;150000
7999;2006;163;125000
1499;2001;90;150000
6000;2010;69;90000
4550;2004;140;150000
5500;2003;204;150000
3850;2006;113;150000
3299;2007;69;125000
9190;2009;110;150000
4990;2004;150;125000
2100;2001;90;150000
1250;2000;88;150000
11690;2009;109;50000
999;1994;122;150000
4500;2005;90;80000
2000;2016;140;150000
950;1999;50;150000
300;2017;0;5000
2999;2001;125;150000
4300;2005;80;30000
1049;1998;50;150000
150;1993;45;150000
500;1990;69;150000
2300;2005;110;150000
7200;2006;150;100000
5990;2004;218;150000
800;1997;127;150000
4199;2005;109;150000
1850;1996;92;150000
1984;1984;0;150000
16200;2011;184;80000
950;1998;125;150000
3300;1998;136;150000
14200;2011;170;125000
12490;2009;105;90000
3500;2017;0;150000
2450;2003;41;150000
1950;2000;0;30000
1890;2005;80;150000
2500;2018;75;150000
1450;2002;102;150000
5200;2005;140;150000
200;1998;0;150000
2000;1998;174;150000
8550;1976;118;125000
9850;2006;150;150000
6000;2011;68;70000
800;1998;0;150000
4900;1992;133;150000
1400;1996;90;150000
14999;2011;111;90000
12800;2008;170;150000
5555;2004;272;150000
5700;2004;231;150000
2800;2003;102;150000
2250;2004;101;150000
1850;2002;103;125000
10600;2007;174;80000
8499;2008;173;150000
2500;2003;110;150000
7500;1995;180;30000
5100;2005;101;150000
15500;2009;177;150000
1380;2002;58;150000
12999;2011;136;100000
1;1999;75;5000
1200;1994;0;150000
2950;2002;109;150000
1700;2002;116;150000
3850;2001;90;80000
6350;2010;75;150000
7400;2018;80;70000
19000;2012;200;50000
444;1998;75;150000
12500;2007;140;90000
2850;2007;65;70000
1250;1998;170;150000
390;1996;45;150000
1149;2002;50;150000
8900;2007;179;125000
1000;2006;0;100000
10500;2011;136;80000
5999;2005;0;80000
1500;2000;0;150000
2499;2017;0;150000
2400;2007;0;125000
13500;2018;102;150000
899;1997;75;70000
2950;2002;116;150000
1500;2002;75;150000
2400;2002;0;150000
7850;2006;163;150000
19000;2013;320;40000
2850;2000;101;100000
1800;1991;132;150000
6000;1978;218;150000
400;1995;60;150000
3200;2004;150;150000
6399;2002;163;125000
900;2016;0;150000
6600;2008;136;150000
2500;2006;90;150000
3600;2005;102;125000
2240;1991;107;125000
1600;2006;90;100000
4950;2005;140;150000
2300;2003;133;150000
850;2016;60;150000
14200;2014;125;20000
2000;2000;75;150000
6000;2017;193;150000
7999;2007;145;125000
500;1999;0;150000
7150;2017;143;150000
999;2003;0;150000
5600;2003;102;125000
16200;2008;231;150000
3500;2000;179;150000
1900;1997;86;100000
5395;2010;109;150000
2600;2001;120;150000
450;1995;0;125000
100;1998;0;150000
0;2007;116;70000
5800;2009;60;60000
1600;2016;60;125000
9300;2011;105;150000
4250;2007;105;125000
14900;1993;182;150000
8500;2014;0;10000
1800;2002;75;150000
749;1999;75;150000
14200;2006;218;125000
650;1997;0;90000
12900;1961;60;90000
599;1993;150;150000
1150;1994;101;150000
950;2017;60;150000
2000;1987;0;70000
8990;2007;140;125000
9500;2005;200;150000
1150;1998;75;125000
3550;2007;105;150000
800;1993;113;150000
4899;2006;125;125000
7500;2002;184;150000
8390;2004;116;90000
4300;2003;150;125000
1500;1997;127;150000
3650;2009;52;50000
1499;1998;120;150000
4290;2001;231;150000
800;2000;75;150000
1500;2003;0;150000
1650;2004;116;125000
9990;2012;109;125000
0;2000;0;100000
1200;1998;110;150000
0;1961;0;100000
15850;2007;286;125000
799;1996;75;150000
3800;2002;129;150000
4799;2002;75;150000
3100;1998;101;150000
8899;2011;105;20000
400;1999;60;150000
350;1998;0;150000
4700;2002;170;150000
320;2005;0;150000
1500;1995;90;150000
7999;2000;190;125000
2999;2001;114;70000
800;1996;58;150000
200;1998;0;150000
3200;2004;80;100000
650;1999;54;70000
490;2017;90;150000
1400;1989;107;150000
700;1998;54;5000
0;1988;88;150000
2900;2000;170;125000
1200;2016;0;150000
850;1999;150;150000
0;2001;68;150000
16890;2011;177;100000
2550;2004;116;150000
950;1991;90;150000
0;2003;175;150000
14800;2010;116;40000
650;1985;26;30000
1650;1996;122;150000
3950;2003;101;150000
1600;1991;75;80000
300;1997;60;150000
9000;2006;176;150000
3950;2006;122;125000
6500;2016;0;80000
1299;1999;60;125000
1111;2001;188;150000
1000;2017;55;20000
699;2000;54;150000
1250;1999;115;150000
15000;2010;122;70000
2499;1997;150;150000
11900;2012;102;40000
19999;2011;136;80000
6500;2007;95;100000
360;2016;0;150000
8700;2009;122;90000
500;1994;75;150000
1850;2000;116;150000
1100;1997;170;150000
1000;2003;133;150000
2777;1995;150;150000
2500;2003;116;150000
3300;2001;116;150000
850;1999;60;150000
0;2005;90;125000
12999;2009;299;150000
4150;1998;218;150000
7800;2002;170;150000
17000;2009;286;150000
300;1999;50;150000
250;2002;0;150000
2599;2004;60;80000
990;2003;121;150000
299;2000;0;125000
3889;1998;218;150000
650;1995;110;150000
1111;2016;131;150000
699;2001;0;150000
900;2001;97;150000
13990;2010;174;80000
2200;2000;144;150000
3250;1997;170;150000
1100;2000;54;150000
950;1999;66;150000
700;1997;101;150000
1299;1998;170;150000
2500;2003;0;150000
2650;2001;90;150000
4990;2005;140;150000
950;1996;0;80000
13900;2006;250;125000
1200;2002;67;20000
300;2001;60;150000
7499;2006;120;150000
18000;2010;245;60000
10500;2007;125;80000
750;2002;150;150000
2000;2002;101;150000
3500;2001;0;150000
999;1996;101;150000
650;1995;102;150000
17000;2012;140;125000
2000;2017;58;150000
2999;2002;0;150000
18490;2010;170;125000
4250;2004;102;150000
3000;2003;113;150000
795;1996;73;150000
9500;2010;101;20000
14299;2006;232;100000
4300;2006;140;150000
600;2000;75;150000
1600;2018;120;150000
450;2016;88;150000
2000;1988;75;90000
8900;1998;102;150000
6222;2002;166;80000
6650;2003;204;150000
750;2001;58;150000
420;1998;58;150000
2150;2002;90;150000
650;1995;90;150000
6800;2005;272;150000
3150;2002;64;90000
3999;2002;102;150000
16000;2014;150;20000
0;2015;0;5000
3999;2003;91;150000
1500;2002;101;125000
1150;1995;116;150000
10000;1980;26;40000
5600;2001;150;150000
250;1999;60;150000
890;1999;237;125000
10200;2009;140;150000
3500;1996;170;150000
4300;2003;82;100000
0;1999;0;150000
2350;1998;218;30000
200;1998;0;150000
1444;1999;101;150000
1;1997;101;150000
1500;2002;218;150000
800;2016;90;150000
1500;2000;75;150000
3900;2004;150;150000
2650;1996;170;150000
2950;2017;150;150000
1111;2001;50;150000
1250;1997;45;125000
2000;1989;136;150000
350;1999;55;150000
2000;2001;131;150000
1950;1999;75;150000
1490;2000;75;70000
5000;2007;140;150000
1699;1996;126;150000
2100;2003;69;150000
2490;2007;140;150000
16000;2013;140;40000
13500;2015;99;10000
3999;2001;143;150000
9000;2004;170;150000
8800;2013;68;50000
950;1994;140;150000
799;2003;95;150000
10999;2011;109;50000
1000;2001;125;150000
2790;2002;220;150000
13333;2006;163;125000
17990;2010;184;80000
270;1993;55;150000
400;2017;70;150000
1300;1999;101;150000
4000;2008;84;150000
3700;2006;120;150000
2400;1995;90;100000
1500;2005;75;125000
3500;2003;170;150000
7999;2010;105;150000
750;2002;125;5000
1450;1999;125;150000
7500;2007;117;150000
4999;2006;136;150000
1200;2002;150;150000
19800;2013;122;20000
800;2000;120;150000
14599;2010;170;125000
1000;2001;0;150000
2200;2005;0;150000
3200;2008;105;150000
6950;2006;105;100000
17250;2012;211;90000
2700;2006;80;150000
2400;1998;102;150000
6000;2007;120;150000
1000;2001;75;150000
5599;2009;69;80000
500;1997;45;150000
4600;2005;95;125000
500;2001;170;150000
11500;2008;161;100000
2450;2018;150;150000
4600;1995;150;150000
1499;2001;179;125000
10500;2011;86;50000
1950;1997;150;150000
4250;2008;105;150000
1750;2000;54;40000
18999;2010;140;60000
2300;2000;118;150000
6100;2006;150;125000
2500;1999;118;150000
1600;2003;95;150000
3499;2018;75;150000
1590;2001;60;150000
9990;2010;136;150000
2450;2005;88;150000
1500;2016;0;150000
8900;2006;116;80000
5200;2006;105;150000
5000;2017;140;150000
1050;1999;60;150000
1349;2003;0;80000
0;2000;0;5000
1800;1999;150;150000
4000;2004;131;150000
299;1994;90;150000
3300;2001;129;150000
3000;2001;131;150000
1950;2004;58;150000
150;1991;70;90000
580;1994;122;150000
2200;1998;170;150000
5950;2011;90;150000
4999;2003;179;150000
5200;2012;75;40000
8990;2007;256;150000
18500;2007;174;150000
1690;2003;131;150000
2900;2005;69;125000
9499;2010;105;70000
2000;1998;102;150000
5750;2008;95;40000
400;2000;45;150000
4999;2003;192;150000
1200;1999;150;150000
5650;2005;230;150000
150;2015;0;5000
3850;2018;200;150000
4600;2006;83;125000
3000;2006;145;150000
2100;2000;231;150000
8000;2009;122;125000
1050;1999;101;150000
10500;1992;95;150000
999;1996;45;20000
850;2001;0;100000
4800;1992;102;125000
780;1994;45;150000
1490;1998;131;90000
3300;2003;0;150000
1300;2002;75;150000
2299;2006;0;125000
2000;2001;155;150000
6999;2005;102;150000
8250;2009;120;40000
2200;2005;50;125000
5850;2006;105;150000
1700;2003;75;125000
1300;2006;68;150000
7990;2009;122;125000
6500;2008;140;150000
7950;2009;122;90000
200;1995;0;150000
10599;2011;0;150000
500;2017;0;150000
1999;2018;147;150000
12990;2010;109;80000
5300;2010;0;80000
4000;2008;68;80000
4250;2006;105;50000
4999;2016;100;150000
3800;2012;0;50000
10999;2018;0;150000
1550;2001;197;40000
500;2001;60;150000
3999;2004;0;150000
3600;2000;129;150000
3999;2008;60;125000
1910;2005;0;150000
6999;2008;105;100000
1600;2002;0;150000
400;2001;74;150000
5500;2006;105;150000
17000;2013;155;150000
1250;2017;70;150000
1250;1991;99;150000
250;1993;54;150000
4800;2009;130;150000
900;1998;150;150000
2990;2005;0;40000
9390;2006;241;150000
300;1999;0;150000
3990;2001;116;150000
5450;2004;116;100000
4250;2003;184;150000
0;1997;75;150000
2200;1998;170;150000
850;1999;60;150000
10800;2007;140;150000
11750;2014;109;20000
2500;2004;54;80000
600;1999;50;125000
15990;2006;231;150000
6250;2018;105;150000
7999;2006;116;125000
7199;2005;231;150000
3199;2004;140;125000
1200;2002;60;125000
6500;2013;69;60000
2200;2003;91;150000
1200;2002;0;150000
4700;2007;140;150000
3000;2004;125;125000
350;1997;0;100000
550;2002;65;150000
2000;2005;88;70000
6200;2006;0;90000
750;2000;110;5000
7500;2004;200;150000
1450;2001;0;5000
8000;2007;125;150000
13200;2008;170;150000
1500;2017;0;150000
2299;2003;75;150000
600;1998;86;150000
400;2016;0;150000
6100;2005;150;150000
475;1995;75;150000
1100;2002;60;125000
5999;2004;232;150000
11499;2005;163;90000
1800;1998;110;150000
2650;1998;101;150000
500;2000;150;150000
12500;2006;256;80000
350;1998;102;150000
13900;2010;143;70000
17500;2002;260;150000
9900;2010;156;100000
1450;1998;101;150000
3999;2002;193;150000
6666;2012;86;150000
12700;2009;200;150000
8350;2004;0;125000
3300;1994;115;150000
0;2003;85;150000
3300;2001;122;150000
7250;2003;224;150000
200;2000;0;150000
10500;2007;140;125000
2500;2005;97;150000
1600;2017;64;150000
2004;2004;98;150000
1700;2004;0;150000
2500;1996;150;150000
18500;2002;231;150000
17990;2015;105;5000
17900;2006;272;80000
2999;1991;116;150000
3999;2007;80;150000
10900;2011;105;30000
3333;1995;193;150000
1500;2004;101;150000
9000;2012;163;70000
1800;2001;59;150000
9100;2006;150;100000
595;2000;75;150000
549;2001;60;150000
5500;1998;284;150000
4500;2004;150;125000
3600;1996;150;150000
4500;2007;68;80000
1799;2017;0;150000
800;1993;66;150000
12690;2010;160;60000
2500;1999;117;150000
459;2002;0;150000
100;1998;0;70000
11490;2011;141;90000
16500;2011;211;60000
550;1990;60;125000
16500;2012;150;50000
6000;2009;90;90000
18750;2011;140;60000
14500;2012;122;50000
0;2000;0;150000
6599;2016;102;70000
5000;1992;0;150000
1350;2001;75;150000
2400;2004;150;150000
999;1999;0;150000
2500;2000;110;150000
450;2017;150;5000
1250;2003;103;100000
999;2000;54;150000
4500;2002;193;150000
6500;2005;136;125000
3290;2004;101;150000
1599;2016;68;150000
2200;2016;0;60000
999;1996;140;150000
2000;1999;101;150000
4700;2007;116;150000
14500;2011;0;125000
2000;2005;0;70000
3199;1993;174;150000
500;1999;75;125000
3100;2002;143;150000
2100;2003;107;150000
5350;2008;69;20000
500;2001;90;150000
600;2000;60;125000
12500;2011;170;150000
899;2000;101;150000
6999;2013;60;30000
11499;2007;143;150000
230;2000;107;150000
999;1991;45;150000
2250;2016;0;5000
1;1990;115;150000
900;1998;101;150000
500;1996;0;125000
11399;2010;190;150000
1300;2003;86;150000
600;1991;116;150000
500;1998;193;150000
7500;2004;131;150000
2499;2005;82;125000
6000;1995;193;150000
13990;2013;105;60000
0;1995;0;150000
19900;2001;306;90000
0;1996;45;150000
17500;1996;387;150000
13800;2014;110;20000
400;2016;60;150000
3450;2017;60;90000
1750;2017;58;150000
4444;2002;130;125000
275;1998;75;125000
2750;2001;118;125000
0;2005;192;150000
4195;2005;140;150000
2000;2003;0;150000
6500;2006;0;125000
2999;1996;150;150000
4800;2004;135;100000
1700;1997;148;150000
13800;2008;177;150000
8500;2012;102;30000
250;1999;0;70000
650;1993;131;150000
1950;2002;58;125000
2500;1990;140;150000
7800;2007;120;150000
7300;2002;272;150000
7950;2007;140;150000
15490;2012;179;50000
0;2017;101;150000
8500;2008;145;150000
400;1996;129;125000
725;2001;54;150000
1200;1999;136;150000
750;1996;113;150000
10900;2012;140;60000
3800;2006;65;125000
3999;2005;0;150000
18200;2011;220;60000
200;1991;0;150000
5250;2006;111;70000
900;2000;0;150000
1000;1998;75;125000
1500;2001;193;150000
200;1997;45;125000
1300;1990;118;150000
17600;2009;170;150000
275;1996;60;10000
17500;2017;333;150000
200;1997;90;150000
1500;1999;75;150000
3300;2002;170;150000
6900;2005;90;150000
2800;1999;150;150000
2650;2001;105;150000
900;1999;133;150000
6200;2006;109;60000
2290;1997;165;150000
2399;1996;90;150000
14900;1998;231;150000
400;1996;55;150000
4250;2006;69;80000
5500;1996;170;150000
500;1997;46;100000
16900;2009;143;150000
1850;1999;75;150000
900;2000;0;150000
9750;2009;0;60000
0;2006;150;150000
1900;2002;64;150000
5390;2004;105;150000
1250;1998;150;150000
2299;2001;170;150000
6450;2003;163;150000
2800;2004;103;150000
130;1997;60;150000
9000;2012;131;125000
1250;2006;105;150000
2100;2005;155;100000
0;2005;0;150000
6450;2005;179;150000
2000;2003;109;150000
1050;1998;75;150000
2300;2003;150;150000
6990;2012;71;30000
19999;2006;224;150000
12790;2007;305;100000
2550;2000;90;50000
4800;2004;136;150000
2300;2005;86;150000
11900;2007;150;125000
5300;2002;306;150000
9200;2003;218;150000
19999;2007;272;80000
7899;2005;260;150000
400;1999;54;150000
5800;2007;109;150000
1590;2005;75;150000
1100;2002;75;150000
2350;2002;75;150000
1000;2000;0;100000
3400;2004;75;150000
7900;2007;140;150000
1600;1998;170;150000
1999;1987;75;150000
650;2002;68;150000
9800;2004;280;125000
7999;2011;90;80000
6800;2008;0;70000
6700;2009;105;30000
2500;2016;0;60000
2900;2009;58;150000
2790;2008;60;125000
3200;1997;125;150000
1850;2001;60;150000
12900;2014;101;30000
100;1995;46;150000
4750;2006;0;150000
999;2003;0;150000
17900;2010;200;150000
3150;2003;116;150000
250;2016;90;150000
1150;1999;75;150000
1800;2000;90;150000
15490;2005;174;150000
15000;1983;0;125000
850;2000;69;100000
380;1997;0;5000
50;2009;0;5000
3450;2009;68;80000
750;2016;0;150000
4400;2006;0;150000
490;1997;88;150000
330;1997;60;150000
4250;2006;105;90000
3900;2006;112;90000
1899;2016;90;150000
2200;2001;0;150000
3450;2005;95;70000
4750;2002;179;150000
1999;1999;70;150000
15500;2008;170;150000
1200;2003;75;150000
700;2001;69;150000
750;1999;54;150000
250;1995;0;150000
8990;2002;241;125000
260;1996;60;150000
3300;2006;54;150000
8000;2001;150;150000
2000;2000;75;150000
749;1994;116;150000
5200;1977;90;100000
3250;2005;150;150000
4499;2007;0;90000
1800;2002;75;150000
1999;2001;105;150000
11999;2011;184;125000
3450;2003;125;150000
2299;1997;235;150000
500;2000;110;150000
2499;1999;170;150000
6990;2004;250;150000
1650;1997;120;150000
1000;1997;60;125000
2200;1999;88;150000
3499;1998;250;150000
2150;2005;73;150000
1390;2004;60;150000
5100;2009;86;80000
9300;2010;116;50000
7800;2003;184;150000
500;1998;54;125000
1299;1996;102;150000
2000;1997;150;150000
6950;2006;150;150000
1150;2000;75;150000
200;1997;43;150000
2999;2001;122;150000
9600;2011;114;150000
4200;1994;150;150000
2666;2003;102;150000
12990;2012;122;50000
999;1998;101;150000
3200;1990;177;100000
699;2015;0;5000
4999;2009;60;70000
1200;2002;60;100000
900;1999;90;150000
6900;2012;75;70000
1550;2006;54;125000
500;1996;140;150000
1250;2001;0;150000
17500;2015;120;20000
500;1997;102;150000
5500;2005;140;150000
1200;2007;90;150000
7799;2005;140;150000
13400;2011;120;150000
17800;2009;218;150000
17000;2017;260;70000
550;1996;88;150000
1099;2004;101;125000
2899;2003;150;150000
1490;1999;101;150000
20000;2009;272;150000
750;2017;90;150000
990;2003;75;150000
890;2000;40;150000
500;1991;90;150000
650;1999;75;150000
8999;2013;68;80000
2000;1992;192;150000
8200;2008;143;150000
2750;2006;121;150000
599;2002;603;5000
14900;2011;200;90000
1450;1999;102;125000
2900;2002;102;150000
13560;2011;140;125000
6499;1996;115;150000
500;1999;116;150000
4500;1988;92;150000
6700;2005;177;150000
10780;2010;111;150000
5200;2007;140;150000
2150;2005;63;125000
1590;2002;75;150000
5990;2010;109;150000
3499;1995;200;150000
999;2000;0;150000
17600;2011;204;150000
1999;1995;150;150000
1500;1996;180;150000
2500;1980;0;150000
3900;2005;147;150000
2349;2018;101;150000
9450;2010;116;70000
6350;2009;105;150000
1199;2001;170;5000
1999;2018;101;150000
8400;2004;116;90000
1200;2017;114;150000
8450;2007;170;125000
10999;2006;344;150000
1350;1993;122;150000
13995;2005;218;70000
450;1990;0;150000
550;2017;0;150000
6999;2011;54;80000
999;1998;75;150000
4399;2006;150;150000
3800;2002;116;150000
1250;1999;170;150000
3150;2006;75;150000
399;1996;115;150000
13299;2005;306;125000
7000;2009;120;80000
999;1997;125;150000
420;2000;0;150000
699;1995;75;150000
6999;2002;210;150000
6900;2005;105;150000
6620;2001;131;80000
4100;2001;143;150000
14390;2010;260;100000
3200;2003;64;100000
1399;1991;150;125000
6200;2004;163;150000
2500;1999;115;150000
3500;2005;104;150000
13999;2012;165;70000
4600;2003;122;150000
1250;2001;101;150000
11300;2012;125;125000
12200;2008;286;100000
1700;1998;150;150000
8000;1985;179;150000
2300;1997;286;150000
7199;2009;140;150000
17100;2012;140;60000
650;2005;0;90000
2499;1992;133;150000
1250;2000;0;150000
9900;2009;105;80000
999;1999;50;125000
7290;2007;140;150000
9900;2011;105;150000
16500;2010;160;60000
3000;1997;90;150000
4950;2006;105;40000
6500;2006;152;150000
6599;2007;150;125000
1900;2002;63;150000
4200;2017;110;150000
340;1998;0;150000
999;1998;75;150000
950;1998;165;150000
5000;2006;140;150000
1700;2003;54;150000
9900;2002;170;80000
1850;2005;60;150000
1150;2005;103;150000
2600;2002;75;150000
1150;2000;101;150000
13900;2010;150;100000
2800;1998;0;150000
0;1994;128;125000
450;1989;53;150000
4800;1999;0;125000
2850;1999;184;150000
750;1995;60;150000
1700;2000;0;150000
2000;1999;136;150000
5300;2002;241;150000
2250;2002;109;150000
2290;2000;150;150000
1100;2017;0;150000
1199;2000;54;150000
1599;2003;50;150000
2400;1995;54;60000
1100;1999;55;150000
1150;2000;58;125000
500;1998;165;150000
1750;1998;101;150000
800;2016;75;150000
18000;2011;307;80000
18500;2012;170;70000
1400;2001;58;150000
9500;2012;117;80000
15200;2011;129;60000
7500;2007;160;125000
980;2017;0;125000
6500;2010;120;70000
10490;2008;120;150000
14800;2012;140;90000
1500;1999;82;150000
4300;2008;101;150000
1600;2000;0;150000
6900;1976;200;150000
2800;2005;109;150000
2980;1996;68;150000
5000;1995;190;150000
600;2017;75;150000
10000;1978;109;150000
9049;2009;177;150000
11299;2006;250;150000
3250;1998;354;150000
2350;2000;114;150000
150;2000;60;150000
6500;2002;192;150000
599;2016;60;150000
1850;2018;58;150000
550;2005;35;150000
2800;2005;108;150000
6750;2007;141;90000
10900;2008;150;125000
250;1998;0;150000
9800;2008;140;150000
2650;2005;75;150000
2849;2003;101;150000
12500;2006;177;80000
6000;2006;115;100000
9300;2011;86;90000
800;2001;125;150000
2850;2000;125;125000
3299;2002;0;150000
12500;2004;174;150000
14000;2004;230;150000
9900;2006;179;125000
1290;2001;101;150000
150;2000;0;150000
800;1999;58;150000
3950;2007;54;150000
10900;2006;131;150000
5490;2003;163;150000
0;2000;0;150000
1150;1996;193;150000
1600;2001;75;150000
4700;2017;0;150000
1900;2000;125;90000
0;1998;0;150000
4622;2004;131;150000
13800;2008;0;150000
4990;2003;177;150000
499;1991;150;150000
1999;2004;109;150000
14250;2009;140;60000
1000;2002;120;150000
4999;2006;95;100000
2790;2004;109;90000
5990;2010;75;40000
1500;2000;140;150000
9300;2008;140;150000
4500;2003;0;150000
19900;2010;136;40000
10500;1980;0;5000
2150;2003;101;150000
3999;2002;129;125000
1699;2017;0;150000
7400;2011;120;90000
1000;1999;58;150000
2000;2003;75;125000
900;2017;131;150000
2500;2007;109;150000
650;1996;0;150000
650;1997;116;150000
1800;2000;54;50000
800;1994;192;150000
4450;2016;170;150000
400;2016;54;150000
1350;2000;131;150000
999;1997;206;150000
12500;2017;305;150000
5800;2006;101;125000
750;1996;70;150000
3100;2006;80;100000
550;1999;101;150000
1500;2005;109;125000
2299;2001;50;90000
750;1999;150;150000
12500;2014;95;30000
1700;2004;115;150000
3000;2009;771;125000
5600;2010;0;70000
150;1996;0;150000
2000;2000;79;150000
6100;2010;150;150000
2200;1999;136;150000
1000;1994;0;70000
3550;2006;80;150000
1450;1999;75;150000
1399;1997;90;150000
250;2000;0;150000
4550;2003;163;150000
1200;2000;0;150000
800;1990;87;125000
225;1992;0;5000
1300;2000;101;150000
3500;1991;193;150000
0;2003;204;150000
3800;2004;75;150000
2299;2004;0;150000
500;1999;50;150000
11990;1973;0;100000
4990;2005;150;150000
2400;2003;204;150000
8300;2014;71;20000
140;1993;75;125000
1299;2001;107;150000
799;2000;60;150000
0;1998;125;150000
290;1999;60;150000
2700;2004;0;150000
799;2017;0;150000
7550;2009;0;70000
2750;2003;101;150000
4700;2013;102;150000
13900;2012;125;90000
1450;2001;50;125000
3199;2005;136;150000
1200;2000;0;90000
5150;2008;150;150000
9400;2001;231;100000
2300;2001;55;150000
750;1991;60;70000
2200;2002;131;150000
0;1996;286;150000
1600;2002;60;150000
4400;2010;109;125000
1250;1997;224;150000
2200;2001;0;150000
2799;2003;0;150000
500;1998;101;150000
2490;2001;120;150000
900;2002;75;150000
1990;1997;136;150000
999;2000;60;150000
800;2016;60;125000
549;1998;90;150000
19350;2014;140;30000
3690;2003;109;150000
6200;2004;90;150000
5000;2007;0;150000
1700;1998;150;150000
1199;2001;60;150000
1750;1998;131;150000
100;1991;75;150000
699;1992;90;150000
400;2000;60;150000
12800;1995;190;150000
3100;2004;95;150000
820;1993;0;150000
500;2004;116;150000
1600;2001;118;150000
19900;2008;355;150000
1600;2002;69;150000
8890;2003;218;150000
10300;2008;150;100000
0;2018;0;5000
500;1999;140;150000
1999;2006;44;150000
7500;2000;180;150000
4650;2002;170;150000
3899;2002;150;150000
750;2016;60;150000
3380;2006;75;125000
4300;2005;116;150000
2400;2004;0;125000
4300;2004;109;80000
4899;2003;101;90000
1600;2000;50;150000
14500;2009;211;125000
7000;2007;109;150000
4484;2005;115;150000
5500;2006;131;150000
449;1995;116;150000
600;1990;90;150000
5500;2017;0;125000
1600;2002;90;150000
2500;2001;54;125000
350;2005;75;150000
1400;1989;0;90000
9999;2007;140;150000
600;1994;132;150000
1900;1993;109;150000
2990;1998;193;150000
400;1996;0;150000
6290;2002;177;150000
150;2000;138;40000
3450;2007;69;150000
1599;2002;115;150000
200;1999;60;150000
5950;1978;0;50000
1350;2001;41;150000
2300;2005;54;125000
1100;1996;136;150000
750;1988;75;150000
2970;2001;143;150000
790;1995;116;150000
1250;1998;101;150000
600;1997;90;150000
12600;2007;170;150000
2800;2001;125;125000
3000;2018;150;150000
1399;1997;90;150000
3495;1984;179;70000
6890;2008;95;125000
0;1910;0;5000
5600;2002;170;150000
5555;2005;136;150000
5800;1997;235;150000
550;1997;0;150000
6000;2006;116;125000
1800;1999;125;150000
1200;2016;82;80000
600;1996;603;150000
1200;2001;60;125000
1600;1996;68;150000
6999;2002;224;150000
999;1998;45;125000
5300;2006;105;150000
2500;1972;160;80000
3499;2003;143;150000
3650;1998;131;80000
8950;2006;224;150000
9500;2012;141;70000
4200;2005;82;150000
2190;2005;150;150000
5990;2009;75;70000
8999;2005;224;150000
3990;2003;131;150000
2300;2004;101;100000
2599;2005;135;100000
1799;2005;58;125000
7999;2013;69;30000
0;2005;0;5000
9950;2009;150;80000
0;1999;96;150000
15000;1982;100;70000
1600;2000;0;150000
7999;2018;160;125000
4700;2017;101;125000
699;2000;50;150000
5800;2007;150;150000
9900;2006;179;150000
0;1992;150;150000
600;1995;193;150000
9;1994;90;150000
500;1996;101;150000
2700;2017;0;150000
5400;2008;116;125000
9700;2012;140;150000
16000;2010;184;150000
14986;2001;220;150000
19990;2010;204;150000
1000;2017;136;150000
2200;2017;101;150000
5500;2006;110;150000
1500;2017;165;150000
9950;2007;163;150000
6170;2013;75;60000
350;2001;75;150000
3490;2005;155;125000
750;2001;58;150000
1600;2005;60;60000
16490;2011;143;70000
5999;2008;150;125000
15700;2011;190;90000
3250;1996;0;150000
1250;1992;77;150000
4000;2017;0;150000
3200;2003;75;150000
3750;2004;101;150000
850;1999;0;150000
1200;1996;150;150000
5005;2008;140;125000
6000;2005;141;125000
3000;2000;135;150000
13900;2007;235;30000
5399;2006;80;150000
3400;2005;131;150000
3280;2004;150;150000
1500;2005;0;150000
3800;2001;150;150000
8390;2008;170;150000
4600;2005;140;150000
8250;2010;145;100000
1400;1999;150;150000
9300;2007;140;150000
1300;1990;129;150000
1400;1999;115;150000
900;2004;69;150000
9000;2014;71;20000
785;2001;60;150000
14000;2009;170;80000
9350;2004;131;150000
16300;2010;174;50000
9250;2007;109;90000
750;1991;113;150000
4000;2008;0;150000
2200;2000;125;150000
6989;2007;163;150000
3750;2007;0;150000
700;1995;90;90000
1650;1998;68;150000
1690;2005;113;150000
3100;2002;0;150000
1000;1997;55;100000
10500;2010;125;150000
765;1997;0;150000
10500;2011;200;70000
1;1997;66;150000
9300;2017;131;150000
2650;2004;0;80000
3100;2011;60;5000
1100;2003;125;150000
1500;1999;0;125000
4500;2007;59;60000
800;1992;115;150000
7900;2011;101;70000
600;2001;160;150000
2300;2002;75;150000
9650;2009;143;150000
3890;2004;170;150000
0;1991;90;5000
17400;2006;273;125000
8400;2008;105;150000
650;1996;0;150000
650;1995;100;150000
1550;1996;45;60000
650;2000;100;150000
4400;2003;109;70000
730;1997;60;125000
1950;1991;137;150000
6200;2009;60;50000
699;2018;101;150000
650;1996;102;150000
3300;1998;110;150000
4700;2002;109;150000
700;2017;0;150000
3600;2004;89;150000
3750;2004;131;150000
15500;2014;58;30000
11750;2008;239;150000
2299;2000;101;150000
6950;2006;140;150000
5900;2006;150;150000
4300;1997;102;150000
7780;2011;69;70000
14750;2007;224;150000
500;1994;102;150000
13500;2006;232;150000
2199;2002;75;150000
400;2002;150;150000
3300;2002;170;150000
499;2000;98;150000
1500;1998;90;150000
5750;2007;176;125000
4600;2004;143;125000
2600;2017;65;125000
2000;2005;120;150000
3900;2003;150;125000
450;1995;66;150000
4500;2009;70;40000
2490;2002;101;150000
3000;2009;116;150000
1600;2002;75;125000
900;2000;125;150000
7777;2011;82;30000
14499;2012;184;150000
300;2016;113;100000
5900;2009;86;125000
800;2001;0;150000
2500;2006;87;150000
3899;2002;131;150000
2200;2002;75;150000
1200;2006;121;150000
2450;2003;150;150000
2999;2004;109;150000
1770;2002;50;150000
1199;2003;54;125000
399;1997;60;150000
11250;2007;170;125000
1599;2018;75;150000
1650;2001;0;125000
750;1999;116;150000
1300;1992;135;150000
4500;2007;109;150000
10999;1999;354;150000
2490;2000;68;150000
2950;2007;109;150000
1100;2005;97;150000
6000;2012;120;30000
790;2004;82;150000
11500;2011;117;60000
13999;2009;120;50000
2650;2002;160;150000
9999;2012;163;70000
2300;2001;61;150000
2950;2008;69;125000
5555;2017;94;150000
15990;2012;105;100000
1100;1998;102;150000
5590;2004;131;150000
15200;2011;105;125000
1500;2004;116;150000
8099;2009;105;70000
5000;2003;0;30000
11000;2010;102;90000
1900;2003;0;150000
8249;2011;90;90000
3500;2004;101;150000
500;1996;75;150000
8300;2011;130;60000
0;1999;75;150000
4999;2004;333;150000
8399;2005;177;150000
2700;2005;105;150000
7000;2005;129;70000
1950;2017;150;150000
2150;1998;101;150000
2300;2000;223;150000
1000;2018;0;150000
1000;2000;90;150000
16900;2010;184;125000
3999;2002;116;125000
2950;2004;75;150000
4290;2000;116;150000
3450;2002;115;150000
8200;2006;150;150000
3100;2004;54;150000
1999;2002;101;150000
1400;1990;99;125000
10200;2003;231;150000
5800;2005;116;125000
4650;2010;77;100000
1700;2001;179;150000
999;2002;60;100000
9700;2006;140;150000
1500;1999;101;150000
2345;2000;165;150000
20000;2002;0;30000
999;1995;102;150000
0;1999;75;150000
9000;2012;101;70000
5800;2006;150;150000
9900;2004;204;150000
750;1999;116;150000
4300;2002;143;150000
1111;1998;75;150000
1000;1991;116;80000
6000;2007;75;80000
1650;2002;84;150000
1870;2001;60;150000
5300;2017;0;150000
7299;2007;174;125000
2550;1995;97;150000
1799;2002;75;150000
2790;2003;147;150000
8800;2007;170;150000
3333;2004;116;125000
4300;2004;160;125000
1800;2000;101;150000
800;2002;75;150000
4500;1997;102;150000
999;1998;75;150000
1200;1999;118;150000
799;1999;90;150000
2995;2002;75;150000
2600;2003;131;150000
6500;2000;224;150000
3750;1999;150;150000
1000;1999;120;150000
11250;2007;150;150000
1200;1996;75;150000
13000;2013;120;40000
150;1998;0;150000
2600;2006;0;150000
2450;2005;150;150000
2400;2002;163;150000
350;1998;0;150000
4000;2009;90;80000
12850;2011;126;40000
15400;2006;265;125000
5900;2009;150;150000
7699;2004;224;150000
3800;2003;116;125000
0;1993;45;150000
1599;1999;170;150000
3750;2010;68;80000
10199;2009;177;150000
1100;1999;60;150000
2300;2003;155;150000
5950;2013;69;30000
4650;2001;101;70000
4500;2006;140;150000
6700;2006;129;150000
0;1995;0;150000
0;2001;115;150000
6300;2005;193;150000
2555;2003;0;100000
9399;2008;143;150000
7300;2007;122;150000
8150;2008;170;150000
3299;2002;101;90000
7300;2002;150;125000
400;1997;0;150000
5300;2006;109;150000
7499;2000;218;90000
350;2016;50;150000
14999;2006;218;125000
1000;2000;80;150000
10999;2011;102;125000
999;1999;101;150000
12000;1995;300;80000
750;2016;140;150000
1150;2005;131;150000
6500;2010;101;80000
7900;2012;99;10000
2900;2004;0;150000
4600;2006;140;150000
150;1999;39;80000
280;2016;44;150000
1490;2001;120;150000
1500;2000;110;150000
16660;2011;184;70000
9800;2003;231;150000
2500;2000;193;150000
5900;2017;109;80000
1499;1999;200;150000
5500;2003;125;125000
1550;2004;0;150000
600;2001;58;150000
999;2004;122;150000
1899;1998;150;10000
1399;2018;75;150000
1000;1999;115;150000
1400;1999;101;150000
2300;2002;109;150000
3499;1999;102;150000
1660;2000;120;150000
8250;2011;90;100000
0;2003;163;5000
2390;2007;109;150000
8750;2003;231;150000
450;1996;45;150000
1350;2002;0;125000
0;1998;75;150000
750;1998;75;150000
4500;2004;255;150000
1699;1996;101;150000
7500;2008;179;150000
2850;2003;90;150000
8000;2009;69;30000
1300;2000;102;150000
135;1910;0;5000
6500;2008;140;80000
12500;2007;200;150000
8900;1977;45;50000
399;1995;115;150000
1250;2003;220;150000
1049;1996;60;150000
10750;2010;122;90000
640;1997;101;150000
1690;2003;60;150000
5555;2007;80;90000
7500;1989;167;150000
1777;2000;125;150000
13900;2005;231;150000
17450;2013;102;70000
2400;2003;101;150000
11900;2007;231;150000
1650;2005;0;30000
2500;2018;75;125000
7600;2005;193;100000
1900;2016;77;90000
1600;2002;116;150000
9500;2017;109;80000
2500;2003;125;150000
250;1993;75;150000
2799;2003;147;150000
4500;2004;143;90000
1650;2003;58;150000
700;2000;0;90000
14900;2010;211;125000
1100;2002;0;150000
3200;1992;136;125000
750;2003;75;150000
1350;2002;0;150000
600;2004;88;150000
1400;1998;75;150000
0;1996;0;150000
12000;2008;160;80000
4800;2004;131;150000
400;1999;60;150000
3999;2003;109;70000
2450;2004;95;150000
950;2000;55;125000
450;2016;75;150000
321;1995;150;150000
3499;2006;131;150000
3900;2005;102;150000
6000;2002;151;150000
0;2014;0;20000
5700;2011;73;50000
899;2017;101;150000
2150;2004;125;150000
399;1996;60;150000
1199;2002;50;150000
12500;2007;150;70000
2000;1995;0;150000
900;2001;75;125000
1750;2002;113;150000
2399;2005;80;150000
10500;2009;160;70000
450;2017;75;5000
10400;2009;122;90000
2500;2005;0;150000
2900;2004;163;150000
15800;2009;200;70000
2999;2018;0;125000
550;1999;105;150000
6999;2008;150;125000
1050;2000;65;150000
2499;1995;136;150000
999;2001;116;150000
15950;2001;300;100000
12599;2007;197;150000
950;1995;45;150000
6999;2004;177;150000
13200;2005;258;125000
4100;2005;82;150000
2999;2003;125;150000
999;2000;60;150000
1300;2005;30;150000
12500;2012;140;150000
1350;1995;193;150000
4100;2006;109;125000
2500;2015;0;150000
15000;2010;211;90000
500;1994;60;150000
9800;2013;99;30000
200;2000;0;125000
900;1999;54;150000
6990;2006;140;150000
750;1999;150;150000
5200;2004;150;150000
3700;2007;102;125000
3200;2004;136;150000
7800;2004;200;150000
11000;2011;140;80000
0;2000;54;100000
10000;2008;190;150000
1900;1995;136;150000
11990;2012;140;70000
5500;2006;170;150000
1100;2001;107;5000
16500;2009;170;100000
1100;1997;60;150000
200;1995;52;150000
4299;2010;68;70000
8399;2004;143;150000
900;1999;0;150000
1650;1999;140;30000
13900;2011;136;70000
10999;2013;90;40000
10500;2016;122;90000
670;1995;60;150000
650;2001;75;150000
5000;2009;80;90000
1500;1998;58;60000
8500;1994;190;125000
3900;2004;90;100000
3200;2004;150;150000
8900;2016;110;150000
8700;2008;150;60000
4200;2003;75;125000
1500;2004;136;150000
4490;2003;131;150000
850;1998;58;5000
780;1999;50;150000
1599;2007;69;150000
1500;1992;115;5000
2400;1998;170;150000
5590;2017;140;150000
4700;2012;69;5000
600;2001;50;150000
999;2000;116;150000
700;1999;55;100000
500;1999;107;150000
650;1996;75;150000
9000;2007;143;150000
5650;2007;75;125000
900;2017;75;150000
580;2018;82;150000
15900;2002;306;70000
2350;2004;75;150000
9850;2006;163;150000
1150;2002;75;150000
3400;2009;67;70000
5999;2004;122;150000
2500;2008;52;125000
3200;2003;90;150000
3250;1986;116;150000
3450;2001;60;40000
1700;2000;131;150000
17300;2013;136;40000
10556;2006;272;150000
6500;2006;190;150000
2500;2004;101;150000
1200;2017;75;150000
1999;2003;131;150000
10499;2006;170;125000
4690;2011;60;125000
8900;2006;256;125000
500;1997;0;150000
0;1994;150;150000
0;1990;174;150000
9600;2011;69;40000
950;1996;60;150000
1550;2003;68;150000
3900;2004;115;150000
3200;2003;143;150000
0;2018;150;150000
2500;2004;147;150000
3799;2004;116;60000
4999;2000;197;150000
600;1997;60;150000
5750;2006;141;100000
1500;1971;90;100000
2700;2004;0;150000
2899;2001;116;150000
800;2000;120;150000
499;2000;107;90000
5600;2003;116;150000
425;1997;75;150000
1450;2000;144;150000
11000;2006;170;150000
6850;2009;90;150000
9500;2016;0;125000
1399;2001;98;150000
18990;2013;122;40000
3299;2001;131;150000
1100;1998;193;150000
17500;2013;140;70000
1100;2002;126;150000
9200;2014;69;20000
2265;2001;105;150000
1350;1991;110;150000
150;2000;75;150000
3600;2002;143;150000
4800;2004;140;150000
9490;2007;140;150000
3300;2008;110;150000
1499;1984;90;90000
200;1994;71;150000
750;2001;58;125000
10700;2006;0;150000
12500;1980;136;150000
9800;2011;143;150000
0;1997;60;150000
6888;2012;75;50000
9350;2016;0;150000
2290;1998;102;150000
1500;2005;100;150000
4950;2008;75;125000
450;1993;75;90000
1500;2003;155;150000
750;2000;60;150000
899;1997;101;150000
8490;2008;140;125000
150;2000;0;100000
3300;2005;136;150000
0;1999;115;150000
999;2001;0;150000
3900;2005;120;125000
1000;2002;101;150000
3000;2003;101;125000
10500;2008;150;100000
14000;2011;170;150000
2490;1999;101;150000
5000;2004;120;150000
690;1993;90;125000
1200;2017;0;150000
800;2001;125;150000
650;1996;122;150000
300;2016;0;150000
3500;1998;101;150000
2800;2003;55;125000
0;1996;170;150000
8290;2011;85;80000
4150;2008;69;125000
1499;2007;68;150000
2350;2000;75;150000
500;2000;0;150000
3950;1965;0;30000
11890;2012;150;80000
5500;2005;109;125000
1450;2003;131;150000
7150;2009;120;150000
5300;2009;86;90000
7777;2009;143;150000
1200;2003;58;150000
6250;2011;101;150000
1799;1996;170;150000
4250;2008;80;150000
2200;2002;129;150000
14000;2009;239;60000
8690;2008;140;90000
15700;2007;272;150000
0;1999;170;150000
1400;2001;116;150000
9680;2011;95;40000
5500;1998;224;150000
299;2001;136;150000
7900;2006;129;100000
16500;2013;140;30000
4700;2004;163;150000
4750;2007;105;150000
659;1995;60;150000
5000;2015;140;150000
650;1999;90;150000
2480;2001;140;150000
1000;1996;170;90000
199;1995;90;80000
6990;2010;82;80000
299;2015;0;5000
16990;2008;265;125000
16800;2009;177;80000
2300;1997;140;150000
5699;2018;80;150000
10300;2008;174;150000
950;1997;101;150000
2500;2008;75;150000
7300;2017;105;70000
16250;2011;140;150000
3500;2003;143;150000
1700;2000;205;150000
13131;2011;140;125000
2700;2003;83;150000
3900;2012;70;125000
6300;2004;170;125000
10800;2015;60;10000
4999;2004;150;150000
11999;2004;163;150000
2300;2000;0;150000
0;1960;0;150000
1800;2000;150;150000
3500;2002;136;150000
3500;2006;150;150000
6990;2012;77;40000
500;1997;0;150000
4690;2007;64;90000
1250;2001;101;150000
12800;2011;140;125000
4799;2017;90;150000
250;1998;0;150000
2500;1989;95;150000
6200;2003;245;150000
2690;2000;128;150000
0;2006;164;5000
0;1990;0;5000
750;1998;82;150000
6500;2005;205;150000
3600;2007;0;50000
3259;2004;130;150000
2800;2004;163;150000
9950;1966;0;80000
8750;2006;150;125000
1500;1999;0;150000
3200;2004;109;150000
0;1997;90;150000
9500;2006;150;70000
490;1985;75;5000
2190;2016;150;150000
770;1997;75;150000
3700;2006;101;150000
2000;2005;0;150000
12400;2004;218;125000
2200;2006;80;150000
15500;2010;184;125000
3950;2004;120;150000
2850;2002;125;100000
3490;2006;97;150000
3999;2004;179;150000
6700;2005;116;150000
6900;2006;140;150000
4490;2003;116;150000
7400;2009;80;60000
550;1999;58;125000
8750;1998;204;125000
3490;2008;60;125000
3990;2000;163;125000
0;1985;0;5000
1200;2004;58;150000
500;1996;75;5000
9500;2005;140;125000
4444;2002;129;125000
1200;1998;54;150000
5000;2001;179;125000
1790;2004;65;150000
3000;2002;140;150000
3600;2002;0;80000
1350;1998;150;150000
2200;2017;125;150000
500;1998;0;20000
9000;2007;300;150000
2300;2008;60;50000
1950;2004;90;150000
7900;2011;105;125000
2750;1997;170;150000
900;1997;45;150000
30;1995;75;150000
49;1995;0;150000
990;1998;118;150000
19990;2013;177;150000
299;1994;0;150000
8900;2010;136;90000
1390;1997;116;150000
3990;2005;120;150000
7499;2009;170;150000
3200;2000;136;150000
9490;2010;136;150000
500;1997;86;150000
550;1995;45;150000
4750;1995;160;150000
2800;1998;123;150000
6999;2007;116;50000
9900;2011;75;80000
200;1996;75;150000
1950;2000;101;150000
700;1993;75;150000
149;1992;45;150000
1900;2003;141;150000
350;2016;0;80000
7790;2008;140;60000
15200;2014;86;20000
7222;2006;150;150000
900;2017;58;150000
11500;2008;126;70000
2999;2002;131;150000
1350;2016;0;150000
999;1995;150;150000
800;1999;0;5000
9350;2009;170;150000
2799;2003;101;150000
7500;2006;145;125000
1000;2000;110;150000
3700;2004;116;70000
999;1993;99;150000
6999;2001;197;150000
0;2000;0;150000
6500;1999;193;150000
650;1998;154;150000
370;1998;43;150000
2990;2009;0;150000
679;1996;0;150000
16900;2007;355;70000
499;2016;0;150000
550;1997;90;150000
550;1997;55;150000
550;2016;0;150000
4999;1994;0;150000
6850;2002;163;150000
9500;2005;192;70000
2000;2017;0;150000
1000;2000;150;150000
1999;2000;163;150000
8200;2008;0;125000
3900;1999;110;150000
650;2001;80;150000
1200;1987;0;150000
1000;1998;101;150000
3150;1998;125;150000
4900;2005;125;150000
990;1994;72;125000
800;1998;0;150000
13800;2008;177;125000
12900;2006;265;150000
6500;2007;177;150000
0;2000;0;150000
700;2000;50;150000
6500;2008;109;150000
5500;2000;170;150000
499;1997;75;150000
3100;2006;60;80000
2699;2005;60;90000
3600;1992;78;150000
999;2000;58;150000
4999;2005;103;50000
6499;2002;101;150000
1800;2006;55;100000
3499;2009;75;70000
5850;2010;82;90000
3300;2000;163;150000
12890;2011;140;150000
3800;1991;113;150000
550;1992;75;125000
700;1997;44;150000
5490;2012;68;50000
13000;2012;105;80000
4999;2002;250;150000
1000;2006;136;150000
1800;2006;54;150000
2999;2001;150;150000
1650;1999;122;150000
900;2003;115;150000
699;1993;0;150000
16000;2014;150;20000
1300;2017;130;150000
8100;2004;231;150000
600;2001;69;80000
6550;2013;60;30000
0;1995;54;150000
900;1996;75;150000
1950;2002;75;150000
3000;1994;101;150000
2650;2008;68;125000
2000;2004;100;150000
1650;1999;90;150000
0;2000;90;150000
3000;2000;180;150000
5600;1991;188;100000
6700;2006;102;90000
1000;2005;0;150000
2350;2005;69;150000
5800;2005;105;125000
1390;1999;0;150000
550;1996;60;150000
950;2000;145;150000
2450;2004;106;150000
6600;2006;136;125000
9900;2000;218;150000
8950;2008;177;150000
990;1999;0;150000
1690;2017;54;150000
4990;2005;109;50000
0;1999;0;150000
1500;2000;50;150000
3200;1992;116;150000
1850;1998;125;150000
14999;2009;245;150000
1450;1997;149;30000
1650;2000;0;150000
2925;2007;60;90000
3999;2002;143;150000
19500;2004;349;150000
1700;2003;131;150000
1350;2000;75;150000
13990;2009;224;150000
5000;2005;265;150000
2699;2001;150;150000
17480;2007;163;40000
11200;2013;95;50000
6400;2005;69;80000
8500;2008;160;125000
1000;2010;0;150000
850;1999;101;150000
3999;2002;112;150000
2999;1999;103;125000
2399;2004;75;100000
1250;1999;120;150000
7500;2005;179;150000
1950;1999;116;150000
1650;1999;170;150000
7600;2004;177;150000
7199;2011;90;150000
600;2005;44;150000
4500;2004;75;150000
11900;2008;143;150000
6900;2008;177;150000
545;1996;60;150000
2400;2005;0;150000
3250;2006;77;125000
1990;1996;122;150000
2599;2000;170;150000
0;1991;54;150000
3500;2000;170;150000
1999;2005;58;150000
999;2001;75;150000
499;1995;150;150000
800;1999;60;125000
999;1999;75;90000
5999;2001;165;150000
1800;2001;85;150000
2000;2005;0;100000
500;2003;58;150000
16000;2013;143;50000
3100;2006;65;150000
300;1996;90;100000
5500;2009;86;40000
2500;2001;136;125000
1200;2001;170;20000
5000;1993;116;125000
14800;1992;55;10000
2200;2007;0;150000
4850;2007;200;5000
5150;2002;150;150000
3550;1998;102;150000
10900;2017;170;150000
2100;2017;0;150000
350;2000;50;150000
19900;2011;184;60000
1199;2001;75;150000
9760;2000;218;150000
750;1999;114;150000
8500;2006;306;150000
9000;2003;170;150000
550;2016;90;150000
1299;1994;68;150000
16000;2009;231;150000
11200;2006;218;150000
4990;2009;109;150000
4690;2018;163;150000
300;1994;0;150000
1250;2002;75;150000
650;2002;60;70000
9950;2003;170;125000
6900;2005;149;150000
300;1995;150;150000
3250;2001;143;150000
8500;2008;140;150000
700;2016;0;150000
0;2017;160;125000
999;2002;131;150000
5500;2009;109;150000
9990;2010;120;150000
2699;2006;109;150000
4500;1983;60;150000
1500;1997;110;150000
3550;2006;72;150000
2699;2017;218;150000
6490;2003;170;150000
899;1998;101;125000
480;2002;125;150000
9200;2009;135;80000
900;2016;0;150000
1799;1998;101;150000
1700;2004;50;150000
1950;1996;150;150000
650;1997;75;100000
5500;2003;150;150000
899;1994;68;150000
3900;2003;64;100000
8600;2011;140;150000
6600;2006;150;150000
2699;2000;122;150000
3950;1992;98;150000
550;1989;0;150000
1350;1997;90;150000
1888;2004;75;150000
0;2007;170;150000
0;1994;210;150000
2100;1996;150;150000
4999;2005;128;150000
1300;1999;116;150000
5600;2002;150;150000
9450;2007;170;150000
3400;2002;136;125000
1800;1991;118;150000
2500;2004;155;150000
500;1996;75;100000
9000;2017;0;150000
629;1996;0;150000
5200;2004;105;150000
1500;2001;0;150000
950;1999;101;150000
8699;2005;163;150000
4750;2003;0;150000
4000;2004;163;150000
3500;1991;122;125000
950;2001;58;150000
4300;2000;90;150000
550;2001;60;150000
1300;1993;101;150000
1450;1998;101;150000
10000;2004;177;60000
7650;2010;105;90000
4990;1988;0;90000
2699;2016;150;150000
5555;2006;85;125000
200;1993;45;150000
750;1999;90;150000
2200;2005;102;150000
1300;2003;0;150000
13350;2008;197;150000
850;2002;75;150000
2250;1999;165;150000
5500;2002;250;150000
3600;2006;120;150000
250;1996;75;150000
0;2000;107;150000
900;1995;88;70000
6500;2007;170;150000
3600;1999;75;150000
2600;2003;131;150000
7999;2005;150;150000
5700;2003;177;150000
3200;2004;163;5000
2000;2004;96;150000
1500;2002;0;150000
3450;2009;58;50000
1600;2000;90;150000
1999;1990;54;90000
2700;2002;179;150000
12900;2013;86;30000
2500;2004;131;150000
70;2010;0;5000
150;1997;55;150000
5700;2004;170;150000
1000;1996;0;150000
2000;2000;105;125000
17450;2004;131;125000
55;2000;0;5000
19900;2006;224;80000
0;2000;60;150000
3150;2008;60;100000
2300;2003;0;50000
13000;2008;300;150000
6500;2004;91;100000
5300;2006;165;150000
1250;1997;110;150000
2950;2004;64;150000
9500;2009;116;150000
2600;2000;101;5000
1699;1998;101;150000
1300;1999;75;150000
7000;2011;71;30000
1150;1989;75;150000
4200;2001;163;125000
3300;2001;147;150000
8800;2009;122;70000
4300;1988;118;150000
80;1999;54;125000
265;2017;110;30000
750;2001;60;150000
6250;1999;286;150000
4500;2004;116;150000
8700;2017;141;90000
1499;1999;7515;150000
8000;2007;150;125000
3499;2006;75;150000
3300;2007;140;150000
2800;2006;144;150000
4299;2000;193;150000
4999;2005;165;125000
400;2017;90;150000
800;1996;0;150000
1200;2017;101;150000
1500;2001;105;150000
275;2000;54;150000
950;2002;0;125000
10990;2006;200;125000
6590;2004;163;150000
4000;2001;0;150000
3300;2003;101;150000
2400;1997;136;150000
1250;1992;150;150000
18500;2008;300;80000
6500;2010;86;125000
699;2016;125;150000
8100;2009;170;150000
280;2016;50;150000
2200;2018;140;150000
150;2000;54;150000
10999;2003;334;150000
5500;2003;170;150000
1390;1998;75;150000
1300;1997;75;150000
8850;2009;105;70000
3650;2001;179;150000
3750;2000;170;125000
16660;2010;143;80000
1280;2004;107;150000
2700;2004;90;150000
1350;1998;75;150000
5990;2007;177;150000
17000;2011;211;60000
750;1993;75;125000
2555;2009;52;100000
7899;2012;115;125000
500;1997;55;150000
1500;2005;69;150000
3099;2000;218;150000
14999;2011;136;70000
900;1999;60;150000
1290;2017;60;150000
2800;2018;75;150000
4950;2010;60;70000
1450;1982;0;70000
800;2001;100;150000
0;2000;0;150000
7299;2009;160;150000
650;1993;74;150000
3299;2002;147;150000
3500;2006;101;150000
1300;1998;60;150000
14000;2009;145;90000
1500;2000;1400;150000
350;2001;0;150000
1300;1996;101;150000
2500;2008;116;150000
680;2000;60;150000
11890;2011;140;150000
1600;2005;120;150000
400;1999;58;150000
1650;1998;90;150000
0;2003;0;150000
6100;2004;0;150000
3900;2007;135;150000
9899;2010;90;100000
3100;2007;0;150000
3899;2006;100;150000
2390;2003;101;150000
2550;2001;60;150000
9400;2006;170;5000
5555;1994;148;5000
500;2017;60;150000
3900;2018;135;125000
1450;1999;90;150000
7900;1977;67;80000
16900;2009;170;150000
1000;2001;0;125000
450;2016;102;150000
650;1999;60;70000
599;1996;111;150000
1500;1995;150;150000
4450;2006;140;150000
2550;2002;55;100000
0;1995;68;150000
150;1995;140;125000
600;2000;0;150000
11555;2017;160;150000
2500;1996;0;125000
250;2000;0;150000
3750;2007;67;70000
850;2000;0;150000
6999;2004;218;150000
4400;2001;0;125000
2000;1998;192;150000
9990;2006;218;150000
500;2016;75;150000
3750;2016;61;125000
11400;2017;163;80000
1450;1998;194;150000
1699;2001;125;150000
650;2016;60;150000
900;2004;60;125000
4390;2001;120;80000
1500;2002;109;150000
3100;2008;0;150000
500;1995;45;150000
2999;1994;143;150000
2299;2004;163;150000
3100;2007;73;70000
699;1995;45;150000
1500;2000;145;150000
400;2000;75;150000
4200;2008;0;150000
999;1978;72;150000
7200;2008;109;80000
5999;2016;150;150000
1850;2003;147;150000
1300;1995;193;150000
5999;2004;135;150000
1500;2002;130;150000
2300;2003;75;80000
2990;1996;95;50000
1600;1999;101;150000
10900;2004;218;150000
4450;2007;111;70000
12400;2014;82;20000
2999;2009;68;125000
350;2002;60;150000
1350;1999;0;150000
8000;1999;150;150000
11200;2011;140;150000
1400;2004;0;150000
400;2000;106;150000
2800;1996;90;150000
3800;2000;231;150000
999;1998;110;150000
4500;2007;105;150000
750;1996;60;150000
5999;2003;179;150000
7299;2006;200;150000
6000;2005;224;150000
490;1996;45;125000
2199;2002;109;150000
500;1991;70;150000
11400;2010;125;70000
15990;2011;170;150000
1750;1999;90;150000
1390;1999;101;150000
8600;2008;150;5000
12499;2008;290;150000
1999;2002;80;150000
3999;2009;110;150000
4800;2006;101;125000
8700;2008;136;60000
600;2004;82;150000
1055;2005;0;150000
13950;2006;231;150000
1200;2003;120;150000
15300;2006;224;150000
8000;2008;141;70000
4500;2006;105;150000
500;1992;150;125000
6999;2001;170;150000
2800;2006;75;50000
8399;2004;163;150000
3400;1992;54;150000
11890;2011;86;70000
5300;2009;80;150000
150;1997;0;150000
5100;2009;95;70000
16500;1983;111;150000
0;1998;101;150000
6500;2017;101;70000
1200;2004;131;150000
1100;2001;109;150000
1299;2016;115;150000
5500;2003;170;150000
2999;2004;101;150000
7800;2011;107;100000
9800;2006;231;150000
599;2001;60;150000
11500;2005;150;125000
12000;2004;192;150000
13500;2014;109;20000
16000;2008;197;90000
2500;1996;150;150000
200;2016;54;150000
11300;2011;105;20000
8499;2017;102;150000
9490;2009;125;100000
7750;2007;116;50000
3600;2001;170;150000
750;1999;65;150000
1;2000;0;5000
3450;2002;116;150000
2999;2003;131;150000
1400;1998;60;150000
5650;2005;116;125000
999;2000;58;100000
1999;1990;109;150000
8000;2007;143;150000
7399;2000;193;150000
500;1999;75;150000
16500;2009;170;125000
500;1999;60;150000
2000;2009;75;150000
4500;2001;192;150000
7490;2009;180;150000
1200;1989;0;150000
1500;1996;90;150000
3500;2004;60;60000
0;2000;116;150000
10986;2000;220;150000
15000;2011;140;125000
1899;2002;155;150000
4100;2002;192;150000
8500;2004;220;150000
8400;2008;150;60000
2850;1987;72;150000
999;2000;0;125000
5999;2005;140;150000
1800;2003;101;150000
3950;2009;0;80000
1500;1987;44;125000
0;1997;75;150000
250;1997;88;150000
18900;2010;200;80000
7499;2005;170;20000
2200;2016;50;150000
6800;1998;0;150000
2499;2005;131;150000
1090;1994;116;150000
1990;2000;193;150000
3500;2003;140;150000
2500;2002;75;150000
2999;2001;143;150000
8500;2012;60;30000
6300;2018;163;150000
9400;2013;69;20000
990;1999;75;150000
2250;1998;90;150000
9400;2010;105;125000
2250;1996;150;150000
16999;2003;129;150000
5950;2007;170;150000
4650;2003;163;150000
13000;2004;334;150000
5499;2004;136;150000
400;2000;75;125000
2400;2003;68;150000
16500;2011;204;150000
5900;2006;140;150000
170;1992;60;150000
7790;2003;177;150000
1500;1998;75;90000
2399;2003;136;100000
1250;2000;0;150000
1499;1997;98;150000
11000;2010;160;70000
3850;2004;113;150000
0;2005;0;150000
500;1996;60;150000
1100;1997;60;150000
690;2003;140;5000
4200;2017;0;150000
8500;1993;160;150000
2100;2009;75;150000
990;2000;80;150000
2150;1994;150;150000
7299;2006;150;150000
1000;1996;140;150000
7200;2006;170;150000
1100;1982;54;150000
2000;2001;131;150000
500;2002;50;150000
850;2000;0;150000
3999;2008;95;50000
5400;2007;143;150000
3900;2002;116;150000
5000;2005;130;70000
5500;2007;102;150000
5700;2007;105;150000
6749;2009;232;150000
19399;2011;170;70000
235;2013;69;40000
17000;1988;185;90000
2200;2000;150;150000
14000;2011;86;60000
8250;2003;143;125000
4000;2003;150;150000
6890;2006;140;150000
2800;2005;109;150000
350;2005;60;100000
275;2016;60;125000
0;2001;145;150000
3900;2016;105;150000
1399;1999;114;70000
500;1997;0;150000
4900;2006;140;150000
400;2016;60;150000
6500;2009;110;150000
13900;2011;109;80000
1590;2000;68;150000
1299;1997;0;150000
6499;2008;110;150000
999;1995;55;150000
500;2016;60;5000
6600;2006;105;150000
4000;2008;75;50000
9900;2009;122;70000
2900;2005;74;125000
6999;2008;170;150000
1999;1999;75;150000
8950;1982;185;150000
1600;2016;125;150000
180;2001;147;150000
7999;2008;125;125000
4800;1980;50;150000
1250;2004;50;150000
1000;2000;73;150000
0;2010;115;80000
5200;2011;69;125000
1100;1999;74;150000
3000;1991;70;150000
18700;2010;239;150000
1230;1994;77;150000
7999;2008;170;150000
4190;2000;143;150000
850;2017;122;150000
400;1995;116;150000
950;1995;75;150000
900;1995;170;150000
8000;2008;268;150000
850;1997;101;150000
15499;2013;116;60000
590;1994;102;150000
3800;2001;197;150000
3850;2010;69;150000
999;1998;0;150000
1850;2002;0;150000
950;1999;75;150000
1290;2002;75;150000
2590;2003;125;150000
250;1995;75;150000
3100;2005;102;150000
50;1993;100;150000
1600;2001;115;150000
1500;1993;0;150000
8950;2006;231;150000
4500;2002;102;150000
2350;2005;0;150000
3199;2001;101;150000
9000;2010;0;125000
13199;2007;150;100000
6999;2009;125;80000
14500;2015;68;50000
750;1998;170;150000
0;1997;192;150000
800;1997;75;150000
7000;2010;170;100000
2499;2005;177;150000
6350;1971;68;5000
150;1996;45;150000
849;1999;54;150000
3999;2003;163;150000
1100;1999;136;150000
0;2001;120;150000
500;2017;90;150000
14950;2011;143;80000
17900;2013;184;30000
7599;2013;71;20000
18500;2014;140;70000
650;1999;0;100000
1770;2017;116;150000
2900;2005;0;40000
3190;2001;90;150000
950;1999;60;150000
2490;2000;50;80000
450;2016;0;150000
900;2017;60;5000
1770;2000;0;150000
300;1998;65;150000
5000;1999;193;150000
1350;2016;50;150000
13500;2017;140;40000
3000;2007;60;50000
2500;2003;105;150000
839;2018;59;150000
1200;1999;101;150000
500;2002;620;150000
14666;2011;90;60000
350;1996;60;150000
6777;2006;129;125000
150;2000;60;100000
11500;2008;143;90000
3350;2005;101;150000
4550;2004;0;150000
2650;1992;109;150000
8500;2006;140;125000
300;2000;0;20000
2790;2004;163;150000
150;1997;44;150000
5000;2007;90;150000
9990;2010;120;150000
650;1999;75;150000
17900;2010;245;150000
0;2007;170;100000
550;1997;75;150000
4600;2002;170;150000
2400;2002;121;150000
2700;2004;75;150000
1170;1996;90;150000
850;2001;95;150000
1800;1990;109;150000
4500;2003;75;150000
200;2016;101;150000
1350;2016;116;5000
850;1989;115;150000
2290;2007;94;60000
1750;1999;101;150000
3900;1999;179;150000
3950;2002;108;150000
390;1999;50;150000
3200;2004;136;150000
4900;2006;90;125000
8850;2003;143;150000
14650;2013;140;40000
800;1999;0;150000
8400;2008;143;150000
999;1997;150;150000
4300;2006;158;150000
3600;2005;122;125000
550;1989;90;150000
3600;2007;71;90000
500;1997;75;150000
2799;1990;70;150000
2200;2002;84;150000
2800;1999;116;125000
2150;2003;211;150000
8800;2006;125;150000
2699;1994;77;150000
5900;2006;140;150000
2100;2003;150;150000
13999;2008;231;150000
699;2001;0;150000
400;2016;0;150000
5890;2001;143;150000
4179;2004;101;150000
15200;2010;170;60000
9950;2003;179;80000
500;1999;90;150000
15200;2012;140;90000
3100;2004;211;150000
6499;2012;75;150000
1200;2016;60;125000
2490;1999;116;125000
350;1996;50;70000
950;1995;0;60000
2600;2002;131;150000
7700;2012;105;150000
11600;2010;175;150000
785;1997;90;150000
0;1980;0;150000
9800;2011;105;60000
450;2017;0;150000
7200;2012;60;50000
200;1995;54;50000
9100;2008;130;150000
0;1999;58;150000
2500;2001;128;90000
5500;2010;90;150000
6699;2007;140;150000
4700;2008;156;70000
19999;2014;250;90000
1450;2002;114;150000
1000;2002;110;150000
15600;2013;140;40000
6099;2004;90;30000
10950;2009;122;40000
7750;2009;140;150000
1950;2001;163;150000
250;1995;100;150000
199;1995;75;150000
750;2000;60;150000
5800;2008;88;100000
6000;2012;70;10000
2999;2001;0;150000
4900;2003;143;125000
150;1998;0;150000
7600;2005;165;150000
0;2018;60;150000
2300;2005;90;150000
8200;2006;170;80000
5600;2004;140;150000
10500;2008;140;150000
12995;2012;140;30000
7500;2002;170;150000
6500;2018;150;50000
11000;2011;140;90000
500;1997;75;150000
6300;2013;80;40000
13499;2008;170;100000
990;2002;101;150000
12700;2010;116;80000
1250;2002;75;150000
1200;2004;82;150000
1400;1991;72;90000
19875;2015;150;10000
3800;2007;80;125000
2390;1993;150;125000
6500;2003;116;150000
650;1996;170;150000
2600;2004;100;150000
2000;2004;180;150000
17500;2009;170;150000
3490;2000;165;150000
1400;2001;0;5000
3250;2006;109;150000
12950;2006;190;150000
2990;2010;60;100000
7500;2006;140;150000
800;1999;45;150000
1100;1998;54;50000
3500;2007;0;150000
8200;2007;114;100000
1200;1999;75;150000
5750;2005;192;100000
555;2000;43;150000
2250;2017;75;150000
10800;2009;143;150000
2500;2003;150;150000
15980;2010;160;70000
1199;1998;101;150000
1800;2002;102;5000
850;1997;156;150000
2700;2006;90;150000
600;1998;139;150000
17990;2013;122;60000
6480;2009;116;60000
400;1994;165;150000
499;1998;170;150000
1300;1998;101;150000
1450;1990;90;125000
1700;1998;90;150000
499;1997;75;150000
4000;2003;116;125000
2000;2005;131;150000
850;2002;0;150000
11000;2015;116;20000
2400;2017;0;150000
3600;2003;90;125000
3500;2006;150;150000
2999;1998;118;150000
1850;1988;46;150000
900;2002;150;150000
0;2000;143;150000
13250;2011;160;100000
14500;2007;306;150000
3500;1991;75;150000
1450;2002;54;125000
6870;2011;90;40000
6800;1984;184;150000
1190;2004;58;125000
1000;1998;125;100000
3350;2007;80;100000
400;1998;75;150000
2500;2005;145;125000
10500;2008;140;90000
1101;1998;115;150000
3500;2007;60;60000
1100;2000;75;150000
500;1996;100;150000
14;2000;0;5000
600;2000;150;150000
1100;1999;45;150000
1250;2000;60;150000
12000;2013;150;70000
19500;2013;122;20000
7950;2004;224;150000
500;1995;133;150000
1550;2002;82;150000
5500;2003;192;150000
230;2016;60;150000
1280;1998;75;150000
650;1997;101;150000
7950;2011;87;30000
18500;1993;320;70000
9799;2007;163;150000
1860;2005;101;150000
1800;2003;0;150000
450;2002;0;150000
6399;2004;111;150000
3000;2004;116;150000
8200;2004;177;150000
1200;1997;170;150000
15000;2007;231;150000
12500;2003;306;150000
0;2001;0;150000
7499;2004;170;80000
11990;2007;239;5000
4755;2010;143;150000
3990;1999;90;150000
5790;2003;170;150000
1850;2005;68;150000
10500;2004;163;100000
6500;2006;116;150000
1700;2002;155;150000
1199;2000;114;150000
3599;2003;90;5000
19950;1977;70;150000
1900;2000;125;150000
5750;2007;122;150000
800;1997;0;150000
1200;1998;101;150000
2990;2001;75;150000
675;1998;116;150000
5500;2008;136;150000
699;2001;60;150000
3699;2005;105;150000
599;1994;66;150000
5900;2004;140;150000
15999;2017;170;50000
11000;2012;122;50000
350;1997;0;5000
3750;2001;170;150000
2800;2004;125;150000
750;1995;90;150000
8350;2000;110;150000
4650;2008;90;150000
1500;2004;0;150000
350;1994;0;150000
17250;2009;170;100000
9499;2004;218;150000
5800;2007;122;150000
11000;2011;140;125000
1600;1998;110;150000
1950;2002;60;150000
649;2000;75;150000
4500;2005;90;150000
2950;2006;54;150000
599;2001;60;150000
4300;2005;136;90000
1999;2001;0;90000
850;1999;57;150000
12750;2008;160;50000
2800;1992;133;150000
9300;2008;140;150000
599;1998;55;150000
1100;2000;140;150000
5900;2006;140;150000
200;1998;0;150000
1600;1998;0;150000
1700;2000;110;150000
3999;2000;179;150000
3500;1997;68;150000
3250;1989;0;150000
1750;1996;116;5000
399;1996;75;80000
4250;2004;0;150000
5990;2011;73;50000
11999;2015;101;30000
850;1994;60;100000
450;1994;0;150000
5950;2006;140;150000
5000;2002;101;125000
2750;2001;101;150000
9200;2010;120;50000
13000;2011;177;80000
8500;1993;113;125000
5500;2001;0;150000
1350;1997;101;150000
4250;2012;61;80000
999;1998;73;100000
6250;2010;86;60000
18999;2017;0;150000
970;2000;116;150000
1;1997;170;150000
6950;2006;102;150000
700;2000;54;125000
1250;2018;0;150000
7950;2011;131;125000
800;2016;0;150000
4500;2007;125;150000
950;2000;60;150000
800;1996;0;125000
999;2000;60;150000
1150;1996;122;150000
7450;2004;170;150000
7000;2006;122;150000
2100;2003;100;150000
12999;2009;143;60000
7777;2012;0;60000
17800;2010;136;90000
699;2001;55;150000
2350;2005;68;150000
2900;2001;102;150000
2200;2003;64;150000
7490;2006;150;80000
17950;2012;136;80000
5100;2005;102;150000
13950;2014;125;30000
1050;2003;0;150000
900;1997;150;150000
2650;2001;105;150000
5750;2003;170;150000
1990;1997;170;150000
4800;2010;0;100000
4000;2002;170;150000
1250;1999;115;150000
1790;1999;0;150000
11999;2010;160;80000
900;2000;58;150000
3999;2002;150;150000
2580;2002;75;150000
8900;2007;232;150000
8600;2008;143;150000
6800;2005;116;150000
7290;2005;116;100000
4999;2006;143;70000
1200;2005;60;150000
6500;2009;60;70000
2333;1992;179;150000
6499;2011;69;80000
3850;2003;116;150000
350;2000;0;150000
699;1997;54;150000
799;2016;0;150000
0;1996;125;150000
8500;1993;220;150000
100;1998;75;80000
10999;2012;110;125000
250;2001;125;150000
7499;2003;163;150000
1800;2006;54;150000
800;2016;116;150000
750;2017;75;150000
4990;2008;120;80000
19900;2013;143;50000
7700;2008;143;150000
1400;2003;105;150000
500;1990;0;150000
9000;2011;140;150000
5000;2005;150;150000
4500;2006;105;150000
19950;1991;180;5000
2500;2000;75;150000
14900;2011;143;90000
2000;2006;95;150000
550;1995;0;150000
2500;2005;59;150000
5300;2009;77;50000
1100;1995;75;150000
3300;2016;0;150000
6250;2005;177;150000
11000;2011;116;70000
2950;2004;90;150000
1999;2005;0;150000
2000;2016;125;150000
1999;2017;84;5000
2400;2002;80;150000
3600;1992;165;10000
8999;2003;306;150000
400;1998;120;150000
7000;2006;231;125000
1400;2018;75;150000
0;1995;75;150000
650;2016;99;125000
550;1998;170;150000
1000;1997;165;150000
1500;2003;95;90000
2400;2007;86;150000
6500;2006;204;150000
6000;2000;367;150000
20000;2010;204;125000
1500;2006;0;150000
16250;2013;122;30000
3500;1999;218;150000
1050;1990;0;150000
2200;2000;115;150000
250;1999;0;150000
2999;1998;0;125000
10000;2014;102;30000
6300;2009;102;50000
1200;1998;90;150000
9500;2006;160;90000
320;1996;116;150000
9000;2008;197;150000
1400;2009;65;40000
750;1998;58;150000
2799;2003;75;150000
999;1995;0;150000
2600;2005;150;150000
100;1995;75;20000
5650;2003;179;150000
9990;2009;143;150000
1200;2000;125;150000
11450;2009;140;50000
1500;2000;90;150000
600;1998;54;150000
1950;2000;165;150000
7875;2005;150;150000
740;1992;150;150000
5350;2009;82;90000
2999;1993;125;60000
4500;2006;80;20000
4000;2006;101;125000
2450;2005;54;150000
750;1998;0;150000
3600;2007;150;150000
2500;2002;125;150000
2350;2002;75;80000
13449;2007;177;125000
4750;2009;65;50000
7990;2009;120;100000
6300;2006;125;90000
3149;2001;116;150000
7900;2007;122;80000
1400;2016;0;150000
3600;2004;140;150000
1000;2018;0;150000
0;1996;60;150000
10000;2017;110;50000
4500;2003;190;150000
180;2000;0;150000
6999;2003;170;150000
12500;2011;120;50000
450;1999;0;150000
999;2000;55;150000
8990;2005;218;150000
1700;1999;65;50000
5500;2006;150;150000
4999;2003;116;90000
5500;2000;192;150000
9999;2009;140;150000
380;2005;0;100000
13850;2008;147;125000
690;1996;54;90000
3500;2004;0;40000
2350;2002;0;125000
14399;2010;239;150000
600;2002;98;150000
4490;2006;141;150000
8900;2006;116;125000
1999;2018;109;150000
6999;2003;250;150000
1590;2000;184;150000
1800;2002;82;150000
1200;2000;0;70000
2800;1994;218;150000
1299;2003;69;150000
1550;1997;102;150000
12950;2013;102;40000
8990;2009;190;150000
5200;2009;69;125000
10000;2010;105;70000
2900;2007;105;150000
9250;2005;230;150000
999;2002;50;150000
844;1998;0;125000
9300;2008;143;150000
8300;2006;200;150000
13499;2006;163;150000
10250;2009;143;150000
8999;2001;118;90000
18700;2014;163;60000
599;1996;52;150000
1900;1999;105;150000
770;2002;60;150000
10900;2016;116;125000
2000;1997;135;150000
1700;1999;150;150000
300;2016;50;150000
1500;2000;75;150000
6999;2012;68;70000
9500;2018;111;125000
4499;2017;0;125000
8950;2007;211;150000
8250;2006;200;150000
0;1960;0;10000
4950;2010;87;50000
650;1989;90;50000
5765;1990;0;150000
750;1994;140;150000
2299;2002;150;150000
2290;2000;136;150000
3500;2003;75;60000
350;1998;193;150000
2800;2008;58;150000
15399;2007;177;150000
3500;1997;90;150000
8500;2008;120;125000
1500;2002;115;150000
1400;1991;136;150000
900;2018;60;150000
1990;2002;150;150000
1450;2002;105;150000
390;2001;50;125000
4699;2005;109;150000
5199;2004;135;125000
6500;2009;90;60000
4300;2005;116;150000
999;1999;54;150000
10000;2013;140;40000
0;2017;75;150000
0;2000;0;150000
5250;2008;101;125000
1100;2001;58;150000
2100;2002;101;150000
1980;2016;0;150000
3800;2003;0;150000
3000;2017;59;70000
499;1996;75;150000
3300;2006;101;150000
9450;2014;101;20000
5800;2008;69;30000
1099;1999;0;150000
2200;2016;150;150000
5800;2006;120;125000
16500;2005;340;125000
10000;1976;185;125000
4999;2008;125;150000
0;1980;0;150000
4490;2001;179;150000
3899;2008;75;100000
3100;2007;0;150000
350;1999;110;150000
8198;2005;224;150000
850;1999;105;150000
14300;2008;120;5000
300;2016;0;150000
0;1991;174;150000
0;1990;0;100000
950;2018;88;150000
3450;1994;160;150000
17999;2011;170;90000
4500;2008;87;90000
19999;2009;218;60000
4000;2005;116;150000
14000;2008;143;150000
1350;1999;115;150000
3100;2001;143;150000
1299;1999;75;150000
1800;2005;75;150000
16850;2010;175;150000
1250;1999;58;150000
7500;2008;102;150000
1000;1991;122;150000
1250;1998;115;150000
8750;2017;102;100000
10500;2009;122;70000
2600;2004;140;150000
550;2016;0;150000
3500;2005;125;150000
3000;2001;163;150000
4200;2000;0;150000
12100;2007;306;150000
250;2000;0;150000
4500;2017;169;150000
9799;2011;86;70000
4990;2001;197;150000
499;1991;90;150000
850;1997;45;150000
700;1993;0;150000
3950;2005;136;90000
5990;2007;102;150000
950;1996;60;125000
7500;2007;139;70000
1250;1998;60;150000
1850;2000;40;150000
1000;2005;0;150000
5250;2005;179;150000
13990;2014;110;50000
4399;2008;95;80000
1950;2000;50;150000
2700;1988;84;150000
2500;2002;116;150000
1650;2005;80;125000
1100;1997;75;150000
2500;2006;0;70000
3500;2007;60;125000
1200;1999;60;90000
6300;2004;218;150000
1650;2002;116;150000
450;1993;113;150000
15500;1999;400;150000
4699;2007;105;150000
350;2017;0;150000
0;1995;90;150000
7700;2008;80;70000
6699;2006;109;150000
350;1996;90;30000
9999;2006;200;150000
2250;2001;143;150000
4800;1985;111;125000
1500;2001;120;60000
2800;2005;97;150000
200;2016;45;150000
1800;2001;125;150000
9400;2005;256;150000
750;1999;55;150000
7800;2006;105;150000
7990;2006;140;150000
6800;2006;75;125000
7500;2010;140;150000
1699;2018;0;150000
11950;2006;129;125000
10499;2011;86;40000
7299;2008;140;150000
8950;2016;306;150000
599;1996;60;90000
2999;2005;101;150000
20000;1975;44;70000
5600;2008;80;100000
700;1993;0;150000
1650;2005;103;150000
1999;2002;61;90000
1490;2001;116;150000
1400;2000;0;150000
7500;2006;140;150000
0;2000;0;150000
2250;2001;90;150000
500;1999;0;150000
5200;2009;71;80000
4800;2004;113;125000
3000;2007;113;150000
3300;1994;84;150000
8200;2006;163;150000
2550;2005;80;150000
3900;2004;109;70000
5850;2006;105;50000
8850;2006;231;150000
1000;1998;82;150000
490;1998;0;150000
5500;2004;200;150000
6490;2007;140;150000
2299;2004;75;150000
2999;2017;0;90000
2100;2000;218;150000
7500;2005;150;150000
2290;2005;68;125000
6000;2011;165;30000
0;2018;60;150000
2000;2005;70;150000
2150;1998;101;150000
13100;2011;140;70000
730;1992;75;150000
2490;2000;120;150000
2200;2016;107;125000
1999;1999;75;150000
3300;2002;116;150000
2500;2002;120;150000
6500;1988;92;125000
1350;1999;75;150000
3100;2002;95;150000
0;2001;170;150000
8100;2010;122;100000
800;1999;95;150000
1750;2016;170;150000
5499;2004;140;150000
13900;2004;272;125000
16900;2010;173;60000
1699;1998;75;100000
1049;1996;45;150000
3400;2001;193;150000
15990;2010;197;125000
9900;2006;170;150000
3800;2007;86;125000
1500;2001;110;150000
660;2017;45;150000
1999;1994;116;150000
14500;2006;245;150000
650;1998;50;125000
950;1999;0;150000
12200;2011;105;80000
5900;2011;70;70000
3700;2006;101;150000
3500;2009;54;70000
1900;2001;61;150000
100;1997;0;150000
1250;2002;150;150000
7999;2007;234;125000
1700;2002;60;90000
900;1993;90;150000
8500;2009;110;150000
1700;2001;60;150000
3490;2004;75;125000
2490;2001;75;150000
7900;2010;116;100000
18300;2008;235;150000
1999;2002;67;100000
600;1998;125;150000
5600;2009;69;100000
9250;2006;305;125000
4490;2007;80;125000
199;2016;60;125000
800;1998;50;150000
1250;1999;115;150000
6999;2006;116;150000
6990;2005;150;150000
2500;2003;68;125000
3750;2003;150;150000
3950;1996;102;150000
2200;2004;136;150000
1500;2004;144;150000
6800;2010;75;80000
3999;1999;90;150000
7700;2007;126;150000
499;1995;75;150000
900;1996;0;150000
50;1995;45;150000
1250;1999;75;150000
0;2018;75;150000
750;1998;140;150000
5900;2002;231;150000
690;1998;75;150000
1490;2016;58;100000
2300;2004;75;150000
10990;2009;160;100000
3900;2002;150;150000
2600;2005;0;150000
2500;2006;69;150000
1222;1998;101;150000
5450;2010;54;70000
6500;2002;170;50000
13990;1996;320;80000
3650;2008;65;125000
2299;1999;90;150000
19800;2012;140;80000
5350;2005;163;150000
950;2003;0;150000
3000;2007;120;150000
2100;2004;75;100000
2200;1999;75;150000
10500;2007;197;150000
1090;1998;75;150000
1700;2004;0;150000
17000;2006;190;150000
1650;2000;150;150000
1500;2000;60;100000
2499;2005;64;150000
10900;2007;140;150000
11000;2008;177;150000
990;2003;75;150000
2800;2002;75;150000
11850;2017;241;125000
1290;1998;58;100000
647;2015;190;30000
3600;2001;75;125000
12900;2008;197;150000
8499;2009;105;90000
11000;2007;170;100000
900;1998;60;150000
2999;2007;58;100000
1250;2003;60;150000
6900;2008;140;150000
1000;1997;150;150000
299;1999;132;150000
600;1989;0;150000
5450;2005;145;150000
1299;2003;130;150000
2900;2018;108;125000
2050;2005;120;150000
2500;2007;0;125000
13500;2005;140;125000
500;1999;60;150000
1299;1999;60;20000
3700;2011;60;125000
4950;2006;140;150000
500;2002;0;150000
4500;2007;184;150000
12999;2006;0;150000
1950;1999;165;150000
5500;2006;230;150000
500;2000;60;150000
12990;2005;0;150000
17500;2009;275;125000
14500;2005;0;90000
2950;2008;88;125000
9900;2009;122;100000
499;1997;75;150000
1049;1997;107;150000
700;2002;75;150000
800;2016;110;150000
2450;2006;150;150000
5500;2003;193;150000
600;1999;101;150000
2900;1998;0;150000
950;2001;109;150000
750;1996;75;150000
1300;1998;125;150000
6000;2006;145;150000
650;1997;109;125000
4500;2016;0;150000
9300;2010;111;150000
8000;2008;177;150000
4700;2009;75;150000
8500;2012;111;90000
400;1998;90;5000
650;1997;60;125000
6600;2004;143;90000
1750;2002;101;150000
500;1995;70;150000
3900;1997;150;100000
11550;1999;220;90000
18650;2013;105;40000
0;2000;0;5000
9000;1998;340;150000
7800;2007;150;150000
16500;2010;231;150000
3500;2002;131;150000
4250;1998;115;125000
19900;1971;70;60000
175;1992;0;150000
4899;2008;102;150000
300;1999;65;150000
4700;2002;110;150000
5200;2007;94;150000
500;2000;146;150000
6999;2007;170;150000
3650;2006;80;150000
6900;2017;0;150000
3700;2005;90;150000
900;1999;0;150000
825;1997;101;150000
2999;2017;0;150000
6900;2012;71;80000
11500;2017;140;30000
349;1999;56;125000
3200;2016;110;90000
2200;1995;75;150000
8333;2005;306;150000
900;1996;0;150000
999;1997;54;150000
8000;1986;111;150000
9400;2014;87;30000
5950;1999;136;150000
11900;2004;163;90000
4999;2004;150;150000
599;2017;0;150000
160;2000;0;5000
1850;2005;65;150000
2990;1989;179;150000
6200;2005;224;150000
1850;2004;90;150000
800;1998;50;150000
2799;2001;170;150000
2500;2000;0;150000
0;1991;0;5000
9990;2008;305;150000
14000;2008;177;150000
450;1998;116;150000
14990;2010;211;90000
4300;2007;177;150000
9200;2006;241;150000
1350;2000;75;150000
1200;1999;101;150000
700;1995;75;150000
15350;2007;232;150000
17500;2006;238;60000
5000;2009;60;125000
14500;2009;170;125000
8600;2012;116;125000
3590;2017;106;150000
5000;1991;98;150000
3900;2008;75;100000
4399;2005;105;150000
16950;2013;109;40000
9900;2009;160;90000
3990;2001;220;150000
400;1998;75;150000
2650;2001;143;150000
1299;2001;60;150000
4800;2010;68;50000
950;1995;90;150000
2390;2000;118;150000
950;1999;58;125000
1400;1997;101;150000
8500;2006;204;90000
18500;2015;122;5000
9100;2017;163;150000
9845;2009;110;150000
1150;2017;0;150000
15900;2005;272;125000
12000;2010;122;80000
850;1997;45;150000
6500;2004;177;150000
2250;2002;131;150000
4150;2003;116;150000
7880;2009;84;50000
15300;2009;140;90000
650;2000;101;150000
4300;2003;116;150000
3500;2003;125;150000
1600;2001;109;150000
6900;2005;218;150000
750;2017;122;150000
399;1999;90;150000
500;1998;101;150000
3500;2004;90;80000
1700;2001;163;150000
1150;2001;44;150000
4150;2006;110;100000
11000;2012;100;90000
1200;1998;114;150000
1100;1997;90;150000
3800;2005;105;150000
250;2000;54;150000
1600;1999;0;150000
6450;2006;140;150000
999;1998;55;150000
580;2016;60;150000
2800;2007;55;125000
1990;2002;105;150000
2190;1999;75;70000
500;1991;45;150000
4200;1998;150;150000
7450;2011;0;100000
2490;2005;150;150000
950;1996;75;150000
3500;2003;94;150000
2650;2005;144;150000
2550;2009;60;150000
300;1997;116;20000
1600;2000;105;150000
1000;2000;95;150000
6450;2008;224;150000
2050;1996;131;150000
11799;2012;0;50000
11690;2011;116;80000
2200;2004;165;150000
6700;2017;204;150000
1600;2001;109;150000
7000;2007;140;100000
6999;2017;116;150000
14500;2008;0;150000
8600;2004;218;150000
999;2016;0;150000
899;2005;0;150000
2750;2007;67;70000
800;1996;45;150000
3500;2006;90;150000
890;2002;98;150000
2000;1998;121;150000
11650;2012;90;100000
600;1994;136;150000
1650;2005;101;150000
17777;2016;0;150000
790;1997;60;150000
1150;1999;0;150000
1650;2003;126;125000
2500;2001;116;150000
0;2016;60;150000
999;1995;90;30000
1499;2001;75;150000
4200;2006;70;150000
3350;2007;170;150000
5500;2001;192;20000
1600;2000;50;150000
4000;2003;140;150000
1890;2001;50;150000
1200;1996;150;150000
4200;2001;231;150000
790;1995;90;150000
1000;2000;116;150000
690;1997;75;150000
799;2001;193;150000
4000;1998;286;150000
300;1997;75;150000
4350;2006;122;150000
7990;2011;98;50000
700;2000;0;150000
14950;1995;231;150000
5000;2002;170;150000
10200;2003;170;125000
500;1998;150;150000
8550;2005;224;150000
10700;2005;218;150000
13000;2011;177;80000
6790;1993;190;150000
1400;1997;90;150000
2900;2001;131;150000
3690;2016;0;150000
700;1999;60;150000
300;1997;0;150000
500;2002;118;150000
2495;2004;75;125000
1900;2002;64;150000
2500;2000;120;150000
1500;1999;50;150000
750;1998;102;150000
11690;2009;170;150000
1700;2003;0;150000
12500;2011;239;150000
14500;2012;122;50000
1350;2000;102;150000
17999;2008;190;150000
4850;2006;260;150000
3100;1997;235;125000
5500;2010;60;60000
2650;1992;109;150000
3450;2006;60;90000
18999;2009;265;150000
3060;2010;60;100000
1490;2002;163;150000
0;1998;150;150000
9200;2009;122;150000
10500;2012;149;150000
1299;1998;60;150000
6299;2007;101;80000
1200;2005;67;125000
8500;1983;0;90000
2300;2017;0;150000
850;2003;64;150000
2100;2005;101;150000
2350;2003;105;150000
2500;2006;144;150000
4000;2005;125;125000
2500;2017;0;150000
1199;2017;133;150000
9500;2010;80;60000
7500;2011;86;70000
7000;2003;250;150000
850;2001;101;150000
11000;2011;163;80000
3850;2009;0;40000
1850;2001;58;125000
12399;2010;105;70000
3950;2003;306;150000
999;1996;60;150000
13500;2006;163;60000
5899;2004;140;150000
700;1997;0;150000
990;1997;45;100000
11999;2012;90;50000
9590;2008;170;150000
700;1994;102;150000
1950;2002;65;70000
850;2003;58;150000
3900;2004;109;90000
15000;2010;160;30000
555;1998;50;150000
9400;2005;0;125000
2300;2004;68;150000
4600;2001;180;125000
2600;2006;61;100000
3100;2006;109;150000
9999;2007;129;125000
1900;2006;131;150000
19999;2014;122;20000
5990;2009;70;20000
5999;2007;163;150000
0;2000;0;150000
5500;2004;75;125000
1250;1999;0;125000
1790;1998;102;150000
10500;2006;241;150000
1399;1997;107;150000
8100;1984;136;5000
3250;2001;75;5000
4500;2017;122;150000
900;1996;75;150000
9500;2006;163;150000
2600;2004;0;150000
1250;2001;60;125000
19500;1985;103;90000
19500;2000;300;150000
0;2000;0;5000
1500;1998;75;100000
8299;2009;75;40000
3300;2001;170;150000
2700;2017;60;125000
0;2000;0;125000
750;1999;58;70000
950;1999;101;150000
100;1990;0;30000
150;1990;0;150000
7999;2005;224;150000
3500;2018;116;150000
1750;2001;75;150000
800;1996;60;150000
11500;2012;102;150000
2700;2003;115;150000
6977;2007;170;150000
2000;2001;170;150000
4800;2006;90;150000
16900;1989;160;150000
9990;2009;135;80000
800;1995;109;150000
3500;2003;97;70000
19499;2007;174;150000
800;2002;101;150000
950;1998;114;150000
8900;2004;204;150000
800;2002;121;150000
6999;2009;125;125000
3350;2005;101;150000
2700;2016;125;150000
3000;2003;179;150000
17999;2011;184;100000
1900;2002;0;125000
14490;2011;170;100000
1448;2018;75;150000
6550;2002;354;150000
3960;2006;120;150000
2200;2017;75;150000
5950;1994;193;150000
19500;2008;190;150000
1150;1996;170;150000
2000;2003;0;20000
8950;2013;69;30000
4400;2009;65;70000
999;1999;103;150000
1600;2001;0;150000
1199;2001;122;150000
0;1997;75;150000
2200;2006;85;150000
4750;2003;170;90000
8499;2001;193;150000
5000;2009;45;90000
2850;2000;0;90000
5999;2006;102;80000
3550;2006;70;125000
2800;2006;95;150000
7400;2008;197;150000
0;1990;26;150000
4000;2004;122;150000
12400;2005;163;100000
8999;2009;122;60000
4700;2001;170;150000
2600;2008;0;100000
799;2004;116;150000
7000;2005;193;150000
7850;2007;114;125000
7300;2005;140;150000
2850;2000;218;150000
1999;2017;75;150000
17200;2014;110;20000
12999;2012;117;70000
1100;2000;0;150000
1200;2018;75;100000
3550;2003;125;150000
800;2000;55;150000
2750;2001;107;125000
13800;2011;140;125000
4200;2016;105;100000
800;2001;118;150000
9999;2013;0;150000
14900;1970;86;100000
13800;2015;87;10000
4990;2009;82;50000
3000;2017;115;150000
10500;2009;170;125000
13999;2008;239;150000
1490;2004;60;150000
1550;1991;0;150000
3350;2005;0;150000
4999;2006;105;150000
7990;2005;272;150000
6499;2008;258;150000
250;1999;90;150000
3190;2001;115;150000
10000;2007;170;150000
4800;2006;150;150000
999;1993;54;150000
11950;2009;160;80000
12990;2015;95;10000
15000;2015;105;5000
2900;2000;150;150000
750;1996;75;150000
14500;2008;143;80000
8750;2016;225;150000
11500;2004;163;125000
1300;2016;0;150000
5250;2007;105;150000
4749;2002;163;150000
3400;2006;68;90000
2400;1998;170;150000
2990;2005;170;150000
2800;2002;116;150000
3600;2006;121;150000
1450;2005;131;150000
850;2016;64;150000
8500;1978;109;150000
18900;1972;50;150000
0;1997;116;150000
3800;2004;105;150000
650;1997;110;150000
150;2016;101;150000
4399;2018;0;150000
1250;1999;115;150000
2550;2006;120;150000
1700;1995;0;150000
1750;2003;75;5000
600;2002;60;70000
400;1996;45;5000
9500;2008;190;150000
3200;2000;102;150000
499;1997;90;90000
9000;1998;204;150000
2600;2005;86;150000
4000;2006;0;150000
1499;2000;105;150000
4999;2005;140;150000
11500;2011;136;80000
2500;2002;75;150000
750;2003;68;150000
3333;2003;125;20000
600;2016;75;150000
199;1999;90;150000
5790;2009;90;125000
1899;2001;102;150000
10990;2010;105;40000
2998;2003;167;90000
2600;2003;113;150000
1550;2000;50;125000
4500;2011;86;150000
4000;2007;80;125000
5690;2004;0;90000
2350;2002;75;150000
9599;2011;140;80000
599;2016;66;150000
20;2000;101;150000
3000;2007;60;50000
11500;2010;179;60000
1700;2004;83;150000
400;1995;125;150000
18699;2011;179;90000
2300;1998;116;150000
301;2015;136;30000
5500;2008;122;150000
1700;1998;75;150000
999;2001;126;150000
5200;2001;177;150000
1300;2000;130;150000
2700;2003;163;150000
6900;2001;231;150000
4490;2010;61;50000
1950;2001;105;150000
1400;1999;75;150000
950;2002;136;150000
1900;1996;150;150000
6490;2008;125;125000
1000;1999;0;150000
1199;1998;101;150000
2950;2001;68;125000
4000;2004;75;125000
1500;2004;105;150000
7990;2009;140;150000
3900;2002;136;80000
899;1998;60;125000
3799;2000;218;150000
450;2016;69;150000
7450;2004;193;150000
9950;2006;150;150000
3400;2006;54;125000
222;1998;118;150000
7500;2006;179;150000
1000;2005;105;150000
600;1998;136;150000
9500;2009;174;150000
2400;2003;60;100000
2800;1999;101;125000
590;1999;54;150000
500;2001;0;150000
3300;2006;54;125000
4999;2009;73;40000
699;1994;110;150000
20000;2009;179;80000
600;2000;56;150000
750;1994;90;150000
2250;2002;102;150000
0;1995;150;5000
12000;2010;122;20000
750;1989;70;150000
5800;1994;79;150000
8700;1974;34;40000
200;2000;0;5000
17500;2011;122;60000
990;2000;90;150000
19800;2003;260;80000
14900;2015;86;10000
2400;2002;107;150000
1750;1999;0;150000
5500;2009;135;150000
5900;2010;54;50000
400;1995;60;150000
2890;2003;131;150000
500;2017;100;150000
2500;1999;150;150000
3500;2006;125;150000
3333;2001;116;150000
5100;2002;150;150000
1150;2001;60;150000
3600;2008;68;90000
6000;1986;129;150000
500;2001;125;150000
12500;2010;105;60000
250;1999;110;150000
333;2017;0;150000
799;1997;60;90000
3500;2016;105;150000
1950;2003;0;150000
2900;2005;86;150000
370;1996;100;150000
8801;2005;140;125000
300;2000;50;150000
750;2001;50;150000
1250;1997;101;150000
13800;2010;211;100000
2199;2018;60;100000
0;2005;115;150000
1350;2002;45;150000
9500;2003;192;125000
900;1994;0;150000
750;2016;0;150000
4499;2005;101;80000
18500;2017;125;20000
7999;2005;234;150000
100;1993;115;150000
5000;2005;150;150000
4900;2010;131;150000
875;2001;0;150000
9200;2008;136;125000
9990;2011;116;80000
1200;2018;0;80000
1000;2001;120;80000
9700;2011;86;60000
7740;1996;286;150000
18500;2013;140;80000
1300;2001;0;150000
6100;2008;143;20000
1350;1999;165;150000
850;1996;60;5000
0;2016;0;20000
2800;1988;72;150000
4750;2017;65;80000
1999;1990;116;125000
450;1995;116;150000
1999;1998;130;150000
180;1997;55;150000
11200;2009;160;60000
2650;2002;60;100000
10990;2018;184;80000
3999;2003;163;150000
700;1997;114;150000
3399;2002;90;150000
870;2000;0;150000
2200;2001;75;150000
600;1998;101;150000
1500;1989;118;150000
1500;2002;100;150000
600;2001;60;125000
6250;2003;231;150000
7500;2009;54;40000
7300;2006;177;150000
299;1994;50;150000
3150;2016;125;150000
250;1992;0;80000
3700;2005;0;150000
3950;2005;75;150000
99;1997;45;150000
800;2000;45;100000
13900;2011;105;60000
999;2001;125;150000
0;2008;0;150000
599;1999;65;150000
1247;2017;0;150000
1800;1997;100;150000
13750;2010;140;80000
7900;2005;306;150000
7999;2008;102;100000
850;2018;0;125000
3499;2005;167;150000
1300;2001;120;125000
6600;2015;75;30000
7900;2006;200;150000
0;2016;75;150000
9500;2008;160;150000
4199;2005;125;150000
2800;2000;197;150000
9999;2011;140;40000
3499;2003;90;150000
2650;1999;107;125000
1800;1998;90;150000
10000;2008;140;150000
16900;2000;367;125000
799;2000;75;150000
799;1999;125;150000
400;2001;57;150000
2299;1972;52;150000
1390;2001;64;150000
590;2005;0;5000
0;2000;136;150000
7950;2009;105;150000
13499;2012;122;80000
2499;2005;131;150000
150;1998;115;150000
7900;2010;120;125000
5500;2009;90;50000
500;1997;60;150000
9999;2018;224;150000
4500;2006;95;150000
1200;2004;58;150000
4600;2007;87;125000
2400;2006;110;150000
750;2017;90;150000
18990;2009;211;150000
1200;2000;0;150000
399;1997;101;150000
8200;2003;163;90000
2300;2007;130;150000
900;1999;65;5000
8200;2013;69;30000
150;1994;92;150000
2900;2001;165;150000
3900;2007;0;125000
1800;1998;110;150000
2400;2003;101;150000
11909;2003;367;150000
3200;2004;150;150000
890;2003;100;150000
1000;1999;101;150000
500;2016;75;150000
550;1995;102;150000
8300;2007;70;70000
450;2018;0;150000
400;2003;147;150000
0;2016;0;150000
3699;2006;102;150000
699;1995;0;150000
799;1997;45;150000
2250;2000;101;125000
5999;2006;102;150000
14950;2011;184;90000
13990;2010;140;150000
6999;2009;105;125000
700;2016;125;150000
250;1999;70;150000
5000;2017;204;150000
900;1999;155;150000
4000;2003;163;150000
3200;2008;85;150000
6900;2007;105;150000
5250;2006;150;150000
1700;1998;170;150000
6750;2018;80;60000
4490;2000;136;150000
5850;2007;107;60000
14900;2017;0;125000
3700;2005;0;150000
5500;1983;180;5000
1100;2001;75;125000
1000;1997;101;150000
9799;2005;218;150000
3000;2004;125;150000
1499;2000;0;125000
1100;2003;65;150000
4650;2005;109;40000
1640;1996;150;150000
600;1993;113;150000
1199;1997;45;90000
7500;2002;118;125000
15950;2005;174;150000
899;1991;77;150000
5000;1996;116;150000
150;1998;60;150000
9999;2005;200;125000
870;1991;70;150000
2000;2000;118;150000
3999;2003;163;150000
1180;2001;110;150000
3950;2007;102;150000
10200;2012;90;80000
1650;2017;150;150000
3400;2005;140;150000
1950;2003;50;90000
3500;2008;69;150000
8200;2006;163;150000
8500;2009;115;80000
15000;2009;143;125000
12500;1997;63;125000
2200;2000;0;150000
600;2003;60;150000
1850;2000;116;150000
1050;2002;0;150000
900;1996;101;150000
7500;2006;200;150000
4490;2000;101;70000
16450;2010;184;60000
10950;2014;94;20000
850;2017;0;100000
1800;2002;101;150000
0;1987;0;150000
9000;2009;2;5000
15999;2008;265;150000
3300;2002;95;60000
2750;2001;0;5000
680;1998;0;5000
700;2000;75;150000
950;1997;50;150000
0;2002;0;150000
13600;2008;286;150000
3599;2003;131;150000
200;1999;55;150000
555;1991;113;150000
150;1995;60;150000
800;1996;79;150000
2800;2004;0;150000
12000;2014;101;10000
6290;2012;116;150000
999;2000;116;150000
1200;2016;163;150000
1750;2000;105;150000
10800;2006;163;150000
1400;1999;170;150000
500;1998;0;150000
800;1998;75;70000
2000;1990;101;150000
5490;2008;80;125000
249;2000;0;150000
12990;2010;122;60000
5350;2007;70;150000
800;2016;90;90000
550;2001;90;150000
1450;2001;90;150000
200;1998;59;125000
1550;2003;131;150000
9480;2006;231;150000
12500;2014;90;20000
8690;2011;80;60000
1250;1994;70;150000
5100;2017;192;150000
5500;2008;80;125000
250;1995;0;150000
35;1997;55;150000
17000;2011;200;70000
1150;1996;115;150000
2890;2006;68;90000
1000;2003;150;150000
797;1998;190;150000
8490;2005;116;150000
2100;2005;140;150000
2250;2016;115;80000
2750;2005;75;150000
3333;2009;77;60000
100;2016;44;150000
800;1992;75;80000
150;1992;60;150000
2450;2000;125;150000
4890;2007;80;150000
1600;2000;116;150000
8600;2008;102;50000
250;1999;0;150000
1600;2000;170;150000
17350;2011;170;150000
16390;2011;242;125000
590;2000;75;150000
3800;2007;140;150000
4850;2006;163;150000
11950;2010;218;150000
11600;2014;105;50000
250;2016;60;150000
10950;2008;177;125000
12000;2004;105;150000
8500;2005;150;150000
17899;2008;286;150000
990;2002;75;150000
650;2000;102;150000
0;1985;100;150000
5499;2004;150;150000
80;2000;0;150000
1700;2017;0;150000
11900;2007;235;150000
19800;2013;110;30000
1199;2000;58;150000
4500;1990;179;125000
8750;2007;102;125000
10990;2007;177;100000
599;1988;54;50000
2250;2001;129;150000
4800;2001;105;80000
11900;2007;233;150000
2149;2003;109;150000
400;1999;0;125000
4790;2004;116;150000
17000;1999;102;150000
14700;2012;135;50000
5390;2005;113;90000
5800;1999;150;150000
4200;2010;69;80000
1950;1996;102;150000
7400;2009;120;70000
897;1996;60;150000
6800;2007;106;125000
2350;2017;0;150000
8900;2000;163;100000
2599;2016;1779;150000
4799;2012;114;80000
600;1998;60;150000
1700;2002;136;125000
300;2003;75;100000
950;1999;0;150000
4900;1982;0;150000
2275;2017;0;150000
5500;2005;218;150000
19900;2008;235;90000
950;2002;133;150000
4200;2000;118;80000
3200;2002;163;150000
1;2000;75;125000
11666;1981;165;80000
4600;2004;143;150000
1190;2002;0;150000
5900;2001;80;125000
11999;2009;136;150000
9950;2002;102;150000
600;2003;75;150000
890;2001;0;125000
1950;2004;90;150000
9900;2002;218;125000
2300;1998;165;150000
290;1995;75;150000
6500;2006;105;125000
1250;1999;75;150000
8700;2008;140;150000
800;1998;75;150000
1200;1988;0;125000
1599;2002;58;125000
350;1997;75;150000
16500;1998;285;80000
8200;2009;150;150000
4850;2008;60;125000
1500;1995;122;150000
7500;2004;163;150000
300;2000;0;150000
0;2000;0;30000
2249;1997;150;150000
250;2000;0;150000
3990;2001;131;150000
3900;2002;197;100000
1490;1993;136;150000
10900;2012;86;60000
6450;2008;140;125000
10499;2010;101;40000
2500;2005;150;5000
6799;2004;250;150000
5300;2007;162;40000
975;2003;54;150000
699;1995;45;150000
6995;2010;87;60000
5500;2016;0;150000
16500;2011;170;100000
1800;2002;60;150000
1300;2004;75;150000
2999;2002;209;150000
1000;2001;69;150000
7750;2008;122;10000
500;1993;115;150000
2350;2004;60;125000
3122;1986;69;150000
3150;2003;125;150000
2600;1991;132;150000
1699;2001;60;150000
500;2000;101;150000
1449;2000;125;150000
800;2016;75;150000
3999;2005;136;150000
5250;2010;71;60000
1850;2001;75;150000
800;1999;150;150000
2500;2004;143;150000
1200;2017;0;150000
9990;2011;105;90000
6999;2006;200;150000
2990;2005;102;150000
6599;2013;75;30000
1299;1994;102;150000
14700;2010;160;70000
800;1997;101;150000
1500;2001;101;125000
200;1994;75;150000
5000;2004;136;150000
7600;2008;179;150000
899;1999;54;150000
150;1980;75;100000
10800;2009;163;150000
2000;2017;0;150000
1500;1981;141;70000
500;2016;107;150000
9420;2007;170;150000
1000;1996;140;150000
1700;1998;0;5000
2500;1991;101;125000
12800;2011;184;125000
4990;1981;0;150000
2990;2007;109;150000
3450;1998;101;150000
4250;2004;177;150000
2650;2001;116;150000
1399;1998;150;150000
11400;2008;0;150000
1300;2003;80;150000
18250;2009;197;150000
888;1998;40;150000
3000;2007;101;150000
10000;2014;86;60000
13900;2008;114;80000
990;1998;125;150000
990;1995;71;150000
3600;1996;75;150000
2750;2001;203;150000
5005;2003;163;150000
4500;2006;140;150000
5500;2014;71;40000
550;1995;121;150000
800;1995;0;150000
600;1997;60;150000
12399;2004;170;80000
6500;1998;116;150000
3000;1999;150;150000
18500;2011;177;100000
600;2003;45;150000
2300;2004;125;150000
4600;2003;143;125000
5900;2002;109;150000
650;2017;0;125000
8000;2013;86;50000
2888;1999;116;150000
350;2017;0;150000
2850;2005;0;125000
3600;2003;75;150000
120;1995;121;150000
4200;2005;90;150000
450;1996;0;150000
700;1996;58;150000
400;2001;144;150000
9999;2018;140;150000
16900;2014;150;60000
2450;2008;60;150000
9999;2008;120;150000
10800;2007;179;150000
6300;1968;105;60000
13000;2005;218;150000
7000;1997;116;70000
800;1996;101;150000
2450;2003;116;150000
6999;2007;105;125000
350;2000;0;150000
13900;2002;151;150000
1200;1999;73;150000
600;2002;55;150000
850;1999;50;150000
390;1990;0;150000
15500;2012;122;40000
3000;2002;64;100000
2300;2003;64;125000
12000;2012;116;150000
1500;2000;150;150000
100;1998;60;150000
1300;1992;90;150000
9700;2007;150;150000
999;1998;50;150000
15990;2010;156;70000
5490;2008;80;150000
6500;2004;177;150000
6880;2001;170;5000
4500;2004;90;150000
3100;2004;0;150000
11000;2011;111;100000
3900;2004;116;150000
3390;2009;65;60000
3500;2009;0;70000
300;1999;0;150000
1200;2000;150;150000
0;2000;0;150000
2499;2000;0;150000
4800;2007;101;100000
4800;2004;163;150000
2300;1999;150;150000
10000;2008;136;125000
850;2005;0;150000
590;1996;60;150000
6900;2003;299;150000
550;1999;75;150000
4000;2002;180;150000
18000;2012;161;125000
1399;2005;60;150000
8550;2009;110;125000
450;1995;115;150000
7380;2010;160;150000
4990;2008;131;150000
2250;2001;60;30000
7600;2006;258;150000
6200;2002;177;150000
1500;2002;61;80000
2999;2006;90;150000
6000;2006;0;150000
900;2017;0;150000
3300;2003;105;125000
7699;2012;69;70000
2300;2008;109;150000
13000;2008;171;125000
17990;2006;328;125000
1650;2003;101;150000
3800;2007;68;125000
2799;2018;64;150000
3900;2003;170;150000
550;2003;1753;150000
2250;2004;81;125000
8800;2010;122;125000
799;2000;58;150000
5300;2004;226;150000
5900;2008;82;150000
5850;2008;90;90000
650;1995;0;125000
450;1995;120;150000
1490;2000;90;125000
0;2000;101;150000
750;1980;0;5000
3000;2001;131;150000
12950;2008;197;150000
999;1990;0;5000
1690;2002;58;100000
1500;2000;150;150000
1200;1997;101;150000
3700;2002;143;150000
12000;2006;329;150000
1650;2002;147;150000
2000;2003;75;150000
9900;1983;0;125000
1800;2000;75;100000
800;1999;101;150000
3990;2001;140;125000
3899;2005;54;90000
8990;2005;155;150000
7450;2009;80;90000
13000;2011;245;150000
6199;2003;224;150000
4599;2007;109;125000
0;1992;90;150000
13750;2008;0;100000
1299;2002;110;100000
8490;2008;122;125000
1200;1998;50;80000
5300;2006;105;150000
1600;2005;131;150000
16900;2009;156;100000
1600;1992;95;150000
800;1999;58;150000
1199;1997;60;150000
1550;1999;211;150000
450;1997;75;100000
9300;2007;140;150000
4600;2004;116;125000
11100;1998;204;150000
0;1999;90;150000
9999;2004;0;150000
2200;2003;147;150000
9700;2010;101;60000
600;1991;75;125000
11950;2009;133;80000
0;1999;286;150000
13900;2014;110;40000
4444;2002;131;150000
4290;2003;125;100000
3999;2008;95;125000
850;1998;75;125000
350;1997;53;150000
3499;2001;149;150000
200;1999;60;150000
10900;2010;90;70000
8500;2002;88;150000
1099;1998;54;150000
1180;1999;101;150000
4500;2004;285;150000
8500;2007;170;150000
1999;1999;75;150000
4250;1996;174;125000
7800;2006;163;150000
1750;2016;0;150000
1600;1999;69;50000
790;1997;174;150000
550;1993;90;150000
10999;2013;90;30000
3250;2004;136;150000
5700;2006;170;150000
400;1993;90;150000
650;2000;0;150000
13999;2008;235;150000
12900;2011;140;70000
9950;2008;190;150000
800;2001;58;150000
3300;2004;101;90000
650;2017;75;150000
7999;2003;224;150000
1399;1998;75;150000
3700;2002;116;150000
1249;2001;58;150000
5250;2003;150;150000
2999;2003;75;70000
250;2016;0;150000
600;2002;58;150000
4350;2006;105;150000
19990;2014;105;30000
3490;2006;88;150000
777;2000;118;150000
1200;2004;54;150000
2400;2003;0;150000
1790;1999;102;150000
4800;2006;160;150000
5800;2007;136;150000
1700;2003;83;100000
390;2016;60;150000
1200;2000;125;150000
4200;2001;163;150000
3600;2005;106;125000
400;1994;54;150000
950;1994;101;150000
900;1995;75;150000
550;2016;102;150000
1750;2004;101;150000
550;1995;52;150000
999;2001;50;150000
899;2018;101;125000
8500;2007;105;125000
2000;2004;135;150000
250;1989;70;150000
13700;2015;90;20000
1350;2017;0;150000
4000;2003;101;150000
10500;2013;105;30000
9500;2008;175;150000
2850;2001;163;150000
4950;2007;125;125000
17500;2015;128;5000
2600;2002;125;150000
2000;1998;0;150000
6400;2008;80;70000
13990;2015;94;5000
8900;2011;86;50000
5500;2004;140;150000
15000;2010;140;80000
12500;2004;334;150000
1399;1995;115;150000
3899;2009;0;125000
900;1998;102;150000
8555;2011;86;60000
5750;2003;177;150000
3900;2006;88;125000
1999;1995;125;150000
5100;2005;65;150000
3900;2006;61;80000
5000;1996;174;30000
13900;2012;114;125000
7200;2012;99;40000
4450;2005;101;100000
10900;2008;0;150000
799;2000;82;150000
2200;1998;136;150000
3999;2002;143;150000
600;1993;90;150000
4300;2003;101;150000
3550;2002;177;150000
599;2005;0;150000
295;1998;60;150000
3000;2007;125;150000
549;1999;75;150000
4250;2003;163;150000
1200;1999;101;150000
4390;2006;125;50000
9950;2008;122;70000
1690;2017;82;150000
7900;2008;140;150000
2200;2003;60;90000
1090;2002;84;150000
2900;2007;54;40000
1950;2001;68;150000
11000;2007;170;150000
6450;1994;77;150000
2250;1998;192;150000
14999;2014;102;20000
5800;2006;140;150000
499;1992;60;150000
17900;2011;140;70000
1599;2002;75;150000
14999;2008;256;150000
9500;2007;150;150000
1000;2016;90;150000
6999;2012;60;60000
8250;2010;131;125000
1200;2017;58;150000
4700;2007;109;150000
19900;1991;299;150000
500;1994;125;150000
3999;2008;111;150000
5999;2012;75;150000
9350;2003;170;90000
2500;1998;170;150000
3500;2016;143;150000
2250;2002;75;150000
6499;2006;140;150000
9790;2010;140;150000
1650;1997;136;150000
6499;2004;131;150000
1050;1992;109;150000
1300;2016;0;125000
6400;2008;109;125000
1500;2017;70;150000
2499;2006;65;5000
100;1990;90;150000
2450;2016;61;80000
799;1999;145;150000
6500;2004;143;150000
10000;2010;90;90000
1200;1998;75;80000
1199;1997;125;150000
4220;2001;150;150000
2600;2000;90;150000
12900;2012;122;30000
999;2000;131;150000
7500;2012;86;60000
1150;1999;101;150000
11900;2007;179;150000
3990;2005;155;150000
1500;2006;51;150000
5500;2005;116;125000
2950;2006;0;150000
2799;2006;109;125000
4500;1999;125;125000
350;1999;0;150000
5800;2010;109;150000
222;1997;115;150000
4799;2008;105;150000
2300;2002;109;150000
700;1998;90;150000
2999;2016;64;60000
1400;2017;0;150000
640;1996;90;125000
1000;1997;50;150000
17500;2009;245;150000
1199;1997;150;150000
13400;2011;170;150000
1100;2001;60;150000
16990;2016;118;5000
3100;2001;0;150000
2000;1996;160;150000
700;1999;0;150000
680;1993;54;5000
3499;2002;190;150000
700;2000;0;150000
999;1990;136;150000
60;1998;0;150000
300;1997;60;150000
4100;2004;131;150000
250;1996;55;80000
7990;2009;80;90000
550;1996;75;100000
800;1993;102;150000
1450;1999;75;150000
6000;2017;0;150000
1250;2007;52;100000
11450;2008;155;100000
1450;2001;95;150000
2600;2005;0;150000
3600;2009;61;50000
300;1998;0;150000
6500;2005;140;150000
7000;2009;177;150000
0;2006;231;125000
4500;2008;95;100000
1400;2003;0;100000
1850;2000;101;150000
3150;2004;101;150000
2800;2002;134;150000
4500;2005;105;150000
7990;2007;140;125000
14500;2011;125;70000
500;2000;50;150000
7200;2006;150;150000
7700;2009;122;125000
10990;2008;140;20000
0;2004;150;100000
11490;2009;160;150000
11500;2017;170;70000
11900;2007;180;150000
20000;2006;265;90000
2499;2004;64;150000
2850;2018;100;150000
4150;2009;68;50000
2199;2004;175;150000
80;2000;0;150000
600;1996;60;125000
1900;2003;90;150000
2190;2003;75;150000
2350;2001;102;150000
400;2016;0;100000
990;2016;54;125000
4900;1994;0;90000
11800;2010;120;70000
7900;2005;122;125000
1750;1998;101;150000
2500;2001;170;150000
2400;2007;60;150000
1250;2000;101;150000
400;2000;122;150000
300;1996;60;150000
950;2002;131;150000
2500;2004;58;150000
300;2016;75;150000
12200;2012;131;80000
200;1995;60;5000
6200;2002;150;150000
4300;2000;90;150000
2850;2018;0;150000
3500;1986;179;150000
1250;1910;0;5000
16900;2008;239;150000
100;2005;0;150000
15650;2009;177;150000
350;2000;116;150000
4500;2007;80;100000
1199;1995;101;150000
2000;2003;60;100000
6990;2003;204;150000
0;2016;136;150000
6300;2004;116;70000
15600;2005;333;150000
5600;2004;140;150000
744;1999;90;150000
1750;2003;65;150000
1200;1998;90;150000
7300;2012;105;5000
450;2000;136;150000
1900;2003;75;150000
150;1997;55;150000
2400;2001;155;150000
800;2000;102;150000
650;1998;65;150000
1350;2009;88;150000
2200;2003;85;150000
800;1991;90;150000
450;1999;58;150000
12500;2012;163;150000
999;2008;75;50000
100;2000;75;150000
0;2004;0;150000
9200;2012;102;30000
0;1996;60;90000
70;1976;0;150000
2799;2004;95;150000
0;1996;102;150000
600;2000;0;150000
2150;2004;60;80000
8911;2014;150;70000
3500;2004;155;150000
1340;1999;56;150000
4200;2004;170;150000
2200;2000;116;150000
1950;1998;125;150000
8400;2003;218;150000
2800;2001;140;150000
999;2003;95;150000
6799;1998;174;150000
1790;1997;165;150000
0;1998;0;150000
4985;2010;76;50000
3450;2004;90;150000
9550;2007;163;20000
1699;2001;75;150000
888;1994;150;150000
16800;2010;205;150000
1200;2016;64;150000
8199;2005;174;150000
1000;1988;93;150000
6800;2013;60;30000
0;2004;0;30000
5800;2000;75;90000
1349;2017;170;150000
4500;2005;102;150000
20000;2010;184;125000
2250;1996;170;150000
430;2017;45;150000
6900;1998;207;70000
1;2000;0;150000
6000;2004;0;150000
2399;2003;54;150000
4650;2009;90;150000
3600;2002;136;150000
1399;2000;0;150000
525;1998;60;150000
6950;2006;116;150000
2900;2006;122;150000
990;1993;60;150000
300;1995;0;150000
500;1989;129;150000
4900;2007;131;150000
10950;2011;105;100000
1800;2003;204;150000
4800;2006;102;150000
6999;2004;74;70000
0;1998;116;150000
6400;1996;190;40000
550;1999;163;150000
1599;1999;115;150000
13200;2011;122;50000
350;2016;60;125000
4100;2002;143;150000
6500;2003;218;150000
9000;1995;230;125000
5000;1994;0;150000
2700;2006;45;90000
5500;2010;97;125000
200;2017;50;150000
3750;2005;105;150000
10500;2007;170;150000
1500;2005;54;150000
3200;2004;150;150000
1100;1999;75;150000
500;2016;75;150000
2999;2006;60;125000
4400;2008;115;150000
6500;2004;163;150000
9990;2011;160;150000
1700;1999;107;70000
6650;2012;72;30000
8450;2009;122;150000
5350;2006;109;90000
1500;2002;60;125000
9800;2009;143;125000
8900;2006;218;150000
2899;2000;90;150000
4790;2007;105;125000
8999;2013;114;125000
10500;2012;120;50000
5000;2008;150;150000
799;1985;110;150000
4444;2005;75;150000
1699;2005;58;70000
3900;1992;320;150000
999;2000;60;150000
2000;1999;128;150000
11500;2006;234;150000
1500;2003;82;150000
450;1994;89;150000
1400;2001;0;150000
1750;2003;179;150000
999;1997;170;150000
5499;2000;193;150000
1500;2000;116;150000
5600;2004;95;150000
0;2005;140;150000
12950;2012;143;150000
17500;2013;160;10000
1100;2001;54;125000
2899;2003;110;90000
1500;2001;61;125000
2600;2002;204;150000
999;2002;75;150000
1300;2016;0;150000
0;2017;60;150000
11500;2017;140;150000
12900;2011;170;125000
3900;1996;193;150000
250;1997;0;150000
0;2001;102;150000
9900;2014;70;30000
2300;2002;102;150000
1250;2001;116;150000
4300;2005;101;150000
12500;2011;160;100000
6500;2002;163;150000
6000;2009;136;150000
350;1998;0;150000
5600;2007;105;150000
5000;2008;90;150000
1950;2017;58;150000
1850;1994;77;150000
580;1998;122;150000
1300;2001;0;150000
2750;2004;103;150000
600;2000;45;20000
1490;2000;116;150000
5200;2005;116;150000
1200;1998;101;150000
4499;1994;192;150000
9500;2008;0;150000
18900;2007;420;150000
4390;2005;75;150000
2200;2006;120;150000
1199;2005;75;150000
990;1995;0;150000
200;2000;75;125000
2750;2002;131;150000
4200;2007;133;150000
1250;2000;0;150000
1850;2006;69;150000
13300;2010;122;40000
555;1995;174;150000
2000;1999;75;125000
3950;2006;75;90000
2990;1996;193;150000
1950;2005;120;150000
1250;2008;0;150000
3890;2007;75;80000
1999;2002;147;150000
8800;2016;109;150000
1350;2000;0;150000
9800;2004;0;150000
400;2016;54;150000
1800;2002;125;150000
2300;1998;116;150000
7900;1990;69;150000
0;1999;54;150000
0;2008;122;150000
5100;2016;140;150000
1600;2017;120;150000
3850;2004;105;100000
1999;1991;133;150000
2350;1998;90;150000
400;1999;55;150000
4150;2009;65;80000
13800;2009;245;150000
1650;2006;102;150000
3333;2007;68;40000
600;1995;126;150000
1499;1993;150;150000
800;1998;177;150000
250;1997;50;150000
1950;2000;60;150000
12900;2010;163;150000
3990;2006;150;150000
3000;2007;0;150000
850;1992;60;150000
2850;2004;61;90000
2500;1998;193;150000
700;1997;101;150000
11899;2008;170;150000
14000;2009;211;125000
2550;1983;185;150000
8999;2005;163;125000
8500;2011;105;70000
8000;2012;69;40000
2199;2018;90;150000
1500;2017;90;150000
2500;2005;147;150000
790;2002;70;150000
1000;2000;101;150000
599;1988;95;125000
1190;2003;60;150000
8500;2004;105;150000
18400;2004;224;80000
0;2017;115;150000
399;1995;60;150000
10550;2006;204;150000
0;2004;150;150000
3000;1999;0;150000
650;1996;58;150000
2800;2002;140;150000
15299;2011;136;150000
4999;2008;90;150000
8999;2003;136;100000
1000;2001;150;150000
4390;2006;109;90000
12500;2013;110;40000
800;2000;102;150000
6400;1999;299;150000
899;1998;50;150000
15000;2008;140;70000
3799;2002;178;150000
6000;2005;65;125000
2399;2002;101;150000
16990;2010;211;100000
2100;2004;0;150000
600;1996;110;150000
2400;1998;101;150000
1690;2016;58;150000
12000;2011;116;50000
0;1998;0;150000
999;2001;60;100000
8999;2009;143;125000
1000;1998;0;150000
7777;2009;60;70000
400;1996;55;150000
800;2017;60;125000
750;2000;101;150000
4300;2011;68;40000
15900;2014;86;30000
1999;2004;75;150000
500;2016;0;150000
12800;2008;170;150000
450;1965;0;100000
11800;2016;102;80000
2150;1999;75;150000
4300;2004;64;60000
6500;1993;113;150000
6800;2010;110;90000
4200;2001;0;125000
350;1997;80;150000
1299;2017;0;150000
15999;2011;140;90000
1000;1998;60;100000
5185;2010;69;125000
579;1997;136;150000
9850;2013;75;20000
4800;2007;64;80000
799;1997;90;150000
0;1999;0;150000
7200;2006;105;125000
3800;2005;90;60000
6999;2005;0;150000
990;1995;90;150000
18500;2012;170;60000
1800;2005;0;150000
300;1997;136;150000
0;1986;50;150000
1300;1999;116;150000
1000;1998;60;150000
850;1997;60;150000
2290;2005;77;150000
1350;2006;80;150000
11900;2011;122;60000
1900;1997;75;70000
2000;2005;109;150000
2599;2002;80;90000
6800;2004;200;150000
2800;2008;0;150000
1200;2004;0;150000
3950;2006;136;150000
0;1996;90;150000
5749;2009;60;70000
10990;2014;105;40000
1450;2001;0;150000
900;2001;101;150000
2450;2002;110;150000
4300;2007;80;80000
3760;2005;105;150000
7400;2006;129;125000
950;1996;75;150000
3200;2004;109;100000
2699;1999;115;150000
15390;2010;0;150000
7200;2003;174;150000
300;2000;0;150000
7000;2009;90;100000
4750;2008;101;125000
7950;2007;170;150000
8200;2004;192;150000
6900;2005;150;125000
12999;2009;179;150000
1450;2005;95;150000
1;2000;105;150000
5800;2009;90;150000
900;1998;101;150000
6500;2002;231;150000
350;1988;60;150000
10900;2013;177;150000
8100;2009;116;125000
2900;2005;0;100000
700;2001;60;125000
1200;2017;136;150000
2100;2002;75;80000
899;2001;60;150000
16900;2012;122;50000
6000;1990;113;125000
250;2001;75;150000
70;2016;0;150000
500;1997;0;150000
1100;2001;101;150000
1500;2000;105;150000
3250;2001;75;125000
650;1999;0;150000
2299;2001;116;150000
8800;2003;231;150000
700;1997;136;150000
80;2000;60;150000
9000;2011;0;70000
2000;2005;90;150000
950;2017;0;150000
450;1995;116;150000
5400;2007;0;150000
300;1996;75;150000
799;1992;0;125000
5990;2007;170;150000
1800;2003;63;150000
5850;2004;0;150000
45;1990;0;5000
12000;2007;156;80000
14999;2007;131;150000
350;1991;45;150000
8500;2012;69;30000
3000;2004;75;150000
1600;1999;150;150000
7500;2005;247;150000
199;2000;66;150000
3999;2007;0;150000
1400;2003;75;150000
0;2004;69;150000
2950;2001;75;150000
3900;2007;65;30000
7390;2007;140;150000
5900;2005;82;100000
699;1997;55;150000
7300;2017;0;100000
12890;2006;272;150000
1490;2003;64;150000
6750;2005;139;150000
8000;2010;95;80000
550;2017;75;150000
7350;2009;116;150000
3250;2007;68;125000
1100;2000;101;150000
999;1997;101;150000
10000;2011;177;80000
3700;2005;140;150000
2490;2003;116;150000
18900;2001;252;70000
900;2002;85;150000
1699;1994;136;150000
2500;1987;130;150000
1;2003;0;125000
4500;2008;105;150000
3500;2004;155;150000
520;1997;60;150000
5490;1999;320;150000
3750;1975;0;70000
15250;2008;238;100000
4150;2006;140;150000
11900;2007;190;150000
11500;2008;174;150000
13500;2006;164;125000
13450;2010;120;90000
4800;2006;0;150000
6200;2004;224;150000
5999;2016;105;150000
19999;2005;387;150000
1550;2002;101;150000
13500;2008;265;125000
620;2016;45;150000
1850;1997;143;150000
3499;2000;240;150000
2300;2002;0;150000
900;2017;115;150000
2200;1990;75;150000
13999;2010;122;125000
999;2001;0;150000
1999;2003;163;150000
0;2000;75;150000
2900;2003;158;150000
650;1998;0;150000
3699;2006;60;125000
8350;2006;140;150000
18000;2013;105;10000
2990;1961;0;5000
0;1999;75;150000
8699;2007;116;70000
500;2001;55;150000
12500;2011;170;150000
9350;2015;60;10000
950;1998;0;150000
13950;2009;197;150000
3700;2009;75;150000
15399;2014;86;20000
5999;2007;102;150000
10500;2011;105;40000
1600;2002;60;100000
9490;2011;105;125000
1700;2002;58;150000
3500;2004;105;150000
380;1999;155;150000
11200;2009;136;150000
5500;2012;135;150000
1600;2004;109;150000
1400;2000;0;100000
1890;2017;0;90000
4000;1999;150;150000
1850;2001;147;150000
600;2000;50;150000
450;1998;0;150000
8000;2013;68;5000
2490;2005;75;125000
14640;2011;140;150000
2550;2004;105;150000
600;1998;165;150000
2800;2001;125;150000
19000;2012;235;20000
13990;2013;135;40000
2250;2016;115;80000
550;2002;75;125000
3550;2004;136;150000
5190;2007;80;50000
7499;2005;177;150000
1850;2002;110;150000
5650;2010;86;150000
1590;2006;52;150000
13999;2011;140;150000
5500;2008;140;150000
2999;2001;116;150000
2300;1991;75;150000
3700;2000;118;150000
3600;2002;147;125000
9750;2011;105;40000
12900;2012;105;50000
8200;2003;218;150000
9999;2007;126;40000
500;1995;116;150000
5850;2005;90;125000
8700;2008;122;125000
1500;2000;150;150000
4950;1999;222;150000
0;2001;150;150000
15000;2008;150;125000
900;1999;60;150000
0;2000;0;150000
7999;2006;218;150000
1199;1995;60;150000
800;1996;60;150000
8500;2006;224;150000
3999;2004;129;150000
3650;2003;136;125000
2950;2003;109;150000
18000;2018;0;100000
2400;2000;110;150000
16500;2009;170;125000
2000;1998;75;150000
1100;1998;116;90000
333;1997;73;125000
9000;2005;272;150000
300;1998;75;150000
15800;2010;211;125000
1750;1999;155;150000
600;1996;54;150000
1800;1997;100;150000
5800;2018;0;100000
4500;1989;90;150000
4000;2002;163;150000
1400;2018;75;150000
150;2016;0;150000
15000;2012;110;125000
650;1995;75;150000
2350;2006;0;100000
3299;2005;60;60000
5950;2000;238;125000
999;1982;50;150000
12900;2007;0;150000
5900;2004;116;125000
4200;2004;136;150000
9999;2004;0;150000
1200;2001;0;150000
2900;2001;102;150000
2500;2005;0;150000
3250;1999;165;150000
499;1998;59;150000
1999;2005;50;125000
700;2002;60;150000
3500;2000;110;125000
950;1998;125;150000
4790;2010;86;70000
170;2000;60;150000
1350;1999;0;150000
100;2000;0;80000
12899;2008;184;80000
15500;2011;170;70000
10980;2012;95;60000
6000;2005;163;150000
2000;2004;111;150000
5600;2006;116;70000
950;1999;101;150000
1500;1988;0;150000
9500;2012;101;20000
14900;2007;224;150000
0;1990;37;30000
19900;2010;245;100000
8200;2004;131;150000
1350;2018;90;150000
3300;2009;136;150000
100;1995;75;30000
8400;2006;116;150000
8750;2014;99;30000
2950;1999;65;70000
2999;1993;170;125000
2780;2001;41;150000
500;1999;0;150000
5100;2006;140;150000
6490;2012;82;20000
1850;2016;90;150000
8590;2008;109;100000
8100;1998;192;150000
5999;2007;116;100000
15700;2009;160;100000
6800;2002;146;20000
6900;2001;150;125000
2150;2006;55;150000
10300;2012;99;50000
3800;2006;136;150000
12900;2006;218;125000
3000;2004;75;150000
990;1996;68;125000
1000;2000;0;150000
2999;2004;116;150000
2950;2002;101;150000
3250;1993;90;150000
690;1997;50;150000
2200;2000;75;70000
900;1997;56;150000
14850;2014;86;30000
16000;2014;150;20000
6500;2010;109;50000
590;1997;90;150000
11900;2012;140;90000
0;2001;60;150000
4800;2009;87;60000
600;1996;90;60000
5990;2012;68;30000
1999;1998;110;150000
4800;2004;102;150000
750;1996;54;80000
3999;2004;136;150000
590;1999;125;150000
1950;2008;69;80000
550;2000;90;150000
1600;1996;140;150000
1250;1996;115;150000
1800;2002;0;150000
4490;2006;140;150000
7600;2006;140;150000
1990;1998;90;125000
300;1998;75;150000
970;2002;60;150000
5750;2004;194;150000
0;1998;110;150000
14500;2008;239;150000
2000;2003;211;150000
4000;2009;90;90000
4000;2005;0;150000
4500;2002;150;150000
4600;2002;116;125000
150;1995;0;150000
4600;2017;90;125000
2200;2016;0;100000
0;2000;0;5000
0;2000;0;20000
400;1995;55;150000
130;1999;75;150000
1300;1996;75;150000
8495;2010;95;100000
4700;2017;90;150000
2900;2005;0;150000
0;2000;0;5000
8;2015;0;125000
1650;1998;101;150000
7500;2009;160;125000
1;2000;0;150000
0;2001;197;150000
700;1999;50;150000
1800;2002;60;150000
3015;2002;0;150000
899;1995;73;150000
150;1998;54;125000
10800;2011;125;70000
3600;2005;109;150000
1950;2000;99;125000
500;1998;90;150000
10290;2014;90;40000
499;1996;125;150000
50;2005;0;70000
17900;1980;245;150000
350;1997;60;150000
3600;2007;75;150000
3990;2008;92;125000
9800;2008;156;150000
2499;2003;125;125000
699;1997;54;150000
1800;2002;61;100000
2600;2002;150;150000
3500;1999;101;150000
15200;2014;160;40000
690;2002;0;150000
3600;1998;118;50000
650;1998;75;150000
250;1995;102;150000
8400;2006;200;150000
220;2000;0;150000
2700;2004;54;150000
2200;2001;101;125000
10499;1991;92;150000
120;2000;0;150000
400;1999;44;125000
2300;2005;95;150000
1250;1997;118;150000
190;1999;45;125000
11700;2007;235;150000
350;1999;132;150000
3499;2006;109;150000
1750;2003;54;125000
850;1999;60;150000
4499;2005;140;150000
1000;2000;140;150000
2099;1990;55;90000
1790;1997;101;125000
1750;1996;150;150000
1199;1991;54;90000
5900;2002;82;60000
0;1999;150;150000
1999;2003;101;150000
11400;2003;306;125000
200;1997;54;150000
2900;2004;82;150000
0;2005;0;30000
12500;2008;231;125000
1590;2018;107;150000
2400;2003;136;150000
7900;2007;163;150000
850;2004;0;150000
250;1998;45;150000
11100;2009;122;90000
2350;1994;88;150000
2800;2001;131;150000
13900;2013;160;125000
2500;2001;0;150000
1590;1999;60;100000
11800;2010;140;150000
4850;2004;143;150000
950;2000;75;150000
4200;2000;0;40000
1299;2016;0;150000
1850;2000;107;150000
1950;2001;107;90000
1800;1999;101;150000
2499;1999;115;150000
999;2004;60;125000
12500;2010;143;125000
4999;2005;136;150000
7690;2007;122;125000
1800;2001;75;70000
1200;1996;0;150000
2049;2001;131;150000
5200;2009;82;125000
2950;2005;95;150000
970;1998;102;150000
10900;2011;140;80000
750;2000;144;150000
6500;2003;200;150000
7000;2005;224;150000
6000;2006;116;125000
0;1991;156;150000
3100;2000;163;150000
300;1995;0;150000
2300;2005;65;125000
4500;2003;168;150000
4600;2002;143;150000
1500;2009;52;150000
6300;2008;105;150000
900;1998;114;150000
2450;2002;101;125000
1950;2016;105;150000
1500;2017;0;50000
6200;2009;88;40000
19500;2010;231;150000
475;1999;50;150000
7500;2009;95;60000
1650;1995;90;150000
1555;1997;101;150000
13000;2010;98;50000
300;1997;136;150000
3699;2001;193;150000
8300;2008;136;30000
2499;2003;65;90000
50;1981;50;10000
1750;1997;101;150000
150;1996;0;150000
5990;2007;102;150000
3555;2006;75;125000
820;2000;80;150000
900;1997;90;150000
1500;1998;75;150000
1150;1998;101;150000
7000;2009;90;20000
10500;2005;0;150000
7500;2008;170;100000
4900;2016;102;125000
10500;2012;90;40000
2999;2002;143;150000
2999;2001;220;150000
450;1994;116;150000
4999;2007;131;150000
699;1997;60;150000
1300;1997;101;150000
6500;2016;122;150000
1350;1997;90;150000
7990;2010;90;50000
14499;2007;235;150000
1200;2003;0;150000
1900;1980;121;150000
5399;2005;179;150000
15000;1999;75;150000
3799;2003;193;150000
1000;1999;58;150000
2899;2004;75;125000
10300;2011;105;80000
12490;2018;110;100000
3790;2000;193;150000
950;2000;0;150000
2900;1994;125;150000
9800;2005;163;150000
2999;2003;61;70000
1850;2003;98;150000
1250;1997;87;150000
0;2004;60;125000
8500;1999;151;150000
7250;2009;95;125000
3600;2005;0;150000
600;1998;98;150000
14999;2007;131;150000
19000;1968;0;60000
9900;2007;143;150000
16999;2009;143;90000
500;1999;75;150000
9500;2007;197;150000
350;2001;60;150000
2500;1996;75;125000
3700;2002;102;150000
700;1992;90;70000
1999;2000;165;150000
250;1998;65;150000
2700;1990;0;80000
1650;2003;0;150000
500;1999;54;125000
1250;1999;115;150000
600;1991;75;150000
2500;1999;105;100000
6499;2006;140;150000
1100;2000;60;125000
9999;2004;224;150000
15400;2014;182;20000
13500;2008;143;70000
2600;2008;100;150000
2650;2002;120;150000
3750;2001;131;150000
1750;2006;84;150000
200;1999;102;150000
800;1997;50;150000
1899;2004;80;150000
1399;2001;125;150000
9750;2009;177;20000
1200;1999;101;150000
3200;1998;286;150000
2399;2018;113;150000
1500;2003;125;150000
6999;2011;110;125000
14750;2009;170;125000
8500;2007;160;150000
3000;1980;100;100000
0;1995;0;150000
799;2018;0;100000
500;2001;0;5000
1350;2002;125;150000
6300;2004;125;150000
5000;2011;60;80000
1350;2002;0;150000
1999;2003;41;150000
1200;2000;75;150000
1400;2000;50;150000
470;2000;60;150000
7200;2007;116;125000
950;1995;52;150000
17299;2007;190;150000
3800;2007;100;125000
950;1999;0;150000
5990;2000;193;150000
5500;2007;150;150000
750;1989;90;150000
0;1998;10317;150000
699;1996;140;150000
4700;2008;105;150000
550;2000;75;150000
8900;2007;0;150000
13950;2006;224;150000
9399;2003;0;150000
9999;2000;400;150000
900;1996;0;150000
3250;2001;163;150000
6990;2004;177;150000
1000;1998;0;150000
1190;1997;85;125000
2950;2004;101;150000
1399;2000;75;150000
5200;2009;60;60000
900;2017;0;125000
2599;1992;0;150000
850;1998;75;150000
4799;2007;90;150000
0;2005;140;150000
1499;1997;150;150000
1099;1998;122;150000
8950;2011;69;30000
1950;1997;122;150000
2888;2002;129;150000
2399;2004;145;150000
2550;2006;170;150000
4290;2005;150;150000
100;1998;0;150000
9900;2011;90;30000
5999;2008;125;40000
950;1999;75;90000
3200;2003;101;150000
8500;2011;120;150000
6499;2004;209;150000
5555;2003;150;150000
5500;2005;102;150000
6990;2009;110;150000
580;1997;47;150000
350;1998;130;150000
3700;2002;90;125000
1250;2000;0;150000
5800;2002;192;150000
500;1994;75;150000
4150;2009;68;50000
4580;1971;0;125000
0;2000;0;150000
3995;2003;108;125000
700;2000;50;150000
4399;2003;140;150000
1990;1998;90;150000
12000;2011;0;150000
1999;2004;115;150000
4450;1999;140;125000
5750;2005;131;150000
6500;2006;105;150000
500;2016;0;150000
1870;2004;60;150000
9999;2003;190;90000
3100;2007;68;125000
3890;2002;109;150000
1550;1999;136;150000
1000;2004;0;125000
2999;2003;95;80000
750;1999;50;150000
680;2007;60;125000
8100;2008;102;70000
7090;2010;60;60000
199;1995;90;150000
4600;2010;60;100000
600;1999;86;150000
10000;1970;0;30000
1350;1998;54;125000
390;1989;136;125000
2200;2004;0;150000
3999;2004;131;150000
10500;2010;114;125000
850;2001;200;150000
599;2017;75;150000
11300;2017;333;150000
699;2002;60;150000
2500;2005;0;150000
2900;2002;109;150000
7490;2005;143;90000
3750;2009;77;100000
6000;2008;80;100000
2500;1999;116;150000
2200;2001;102;150000
1600;1996;150;150000
1200;2002;116;150000
120;2000;0;125000
4900;2004;69;150000
950;1996;60;150000
2800;2000;184;150000
5555;2006;116;150000
500;2016;0;150000
8500;2008;150;150000
2950;2006;131;150000
4200;2017;115;150000
17750;2015;122;5000
1;2000;0;5000
9500;2010;136;100000
6600;2008;0;50000
3500;2005;179;150000
1500;2000;60;100000
13450;2009;143;90000
700;2000;147;150000
9990;2006;224;150000
0;1996;55;150000
8000;2004;177;150000
8750;2006;180;150000
18490;2013;160;60000
1500;2016;0;150000
500;2017;0;150000
15500;2010;170;150000
10700;2009;185;150000
4100;1998;125;150000
2100;2000;125;150000
7949;2009;0;50000
14300;2010;140;150000
0;1995;0;5000
2200;2000;0;150000
1800;1999;75;150000
930;1997;90;150000
1900;1999;0;90000
1350;2005;111;150000
14990;2008;355;150000
1350;1996;88;150000
2500;1999;122;125000
5500;2008;102;150000
900;1997;75;90000
250;1995;0;150000
7500;2006;116;125000
2750;1998;128;150000
4590;2008;102;150000
3333;2001;88;150000
0;1990;0;150000
1200;1999;99;150000
1000;1998;101;125000
999;2016;75;150000
3900;2003;143;150000
1850;2001;110;150000
1650;1982;63;60000
0;1994;0;150000
2200;2000;0;150000
6550;2004;175;150000
950;1998;40;150000
12900;2011;160;125000
1600;2001;125;150000
2599;2007;0;150000
1000;2002;101;150000
600;1995;45;150000
400;1999;0;20000
4400;2002;170;150000
1000;2001;136;150000
9300;2007;129;150000
300;1995;0;150000
11000;2005;301;150000
850;2004;0;150000
1700;2001;192;150000
2200;2002;75;150000
4500;2005;109;125000
7200;2005;102;70000
10500;2014;75;40000
350;1998;55;150000
6400;2009;71;50000
990;1999;107;150000
2980;2004;54;125000
1250;1999;75;150000
10000;2004;215;125000
5600;2007;105;100000
590;1998;60;150000
5000;2004;194;150000
1200;1999;107;150000
6000;2007;105;150000
16950;2010;360;80000
4499;2003;163;150000
12000;2006;129;100000
2750;2016;82;125000
750;2001;60;150000
3500;2005;61;60000
5600;1996;140;150000
5000;2010;160;100000
750;2000;58;150000
1100;2002;60;150000
1400;1999;95;150000
12900;2012;135;50000
4000;2002;170;150000
9900;1970;18;30000
1800;2005;105;90000
7990;2009;105;100000
5300;2009;109;100000
0;2016;71;150000
849;2000;116;150000
6990;2006;140;150000
5300;2000;163;150000
1000;2001;54;150000
1000;2017;0;150000
250;1998;0;150000
1600;1999;125;150000
4999;2008;44;80000
1600;2002;60;125000
3850;2009;52;125000
350;1998;90;150000
1000;1994;60;150000
4000;2007;0;150000
1800;2018;0;150000
2200;2001;163;150000
998;1997;101;150000
1850;2018;0;150000
12700;2009;120;90000
3600;2004;140;150000
620;1999;54;100000
650;1999;67;125000
225;1990;70;150000
1300;2017;125;150000
8500;2000;151;150000
8500;2008;150;150000
7000;2007;220;5000
1950;1997;193;150000
295;1995;136;150000
1000;1999;110;150000
1600;1999;115;150000
200;1992;116;150000
1700;2016;115;150000
5555;1983;182;80000
3800;2006;80;70000
600;1998;140;150000
500;1992;90;150000
1500;1995;0;150000
7999;2005;179;150000
2950;2018;116;150000
18900;1993;231;125000
2850;1991;69;150000
3699;2004;136;150000
1;2015;0;5000
2000;2002;101;150000
990;1998;95;150000
2300;2001;147;125000
1950;2001;105;150000
1650;2004;69;150000
5450;2008;97;125000
850;1998;112;150000
14980;2010;116;80000
1000;1999;101;150000
2000;1968;0;150000
15500;2009;163;150000
899;1997;60;90000
1699;2004;114;150000
7950;2011;109;80000
8750;2017;0;150000
800;2001;116;150000
12000;2006;232;150000
19999;2008;286;125000
4149;2003;75;80000
1000;1994;0;150000
950;2000;80;150000
14850;2014;140;40000
3100;2004;140;150000
1999;1999;116;100000
599;1994;105;150000
500;1998;98;150000
4400;2008;90;150000
3999;2001;170;150000
3050;1998;90;80000
1200;1996;101;150000
899;1999;54;70000
3999;2001;170;150000
1499;1997;150;5000
4200;1999;110;125000
5555;2003;150;150000
2300;2001;0;150000
1;1997;279;150000
4000;1995;0;150000
4500;2004;131;150000
999;2001;114;150000
0;2017;107;150000
18000;2012;170;90000
400;2001;50;150000
4900;1987;112;125000
550;1998;54;150000
3000;2002;64;125000
3500;2001;150;150000
2750;2003;120;150000
1850;2004;90;150000
20000;2008;290;125000
11750;2012;105;50000
17500;2007;286;150000
799;1999;100;150000
1090;2017;75;150000
750;1996;0;150000
1300;2005;58;125000
9290;2012;102;40000
300;1998;0;150000
6800;2009;80;125000
7690;2009;122;80000
11900;2005;105;150000
0;2000;75;150000
8000;2009;122;150000
6000;2000;133;20000
7250;2008;192;100000
2900;2007;67;100000
3000;2003;116;150000
2600;1996;110;150000
6999;2009;140;90000
5490;2012;69;40000
5999;2006;140;125000
16500;2015;120;20000
9300;2011;117;50000
1600;2000;0;150000
1900;2006;60;150000
7790;2007;77;150000
3550;2006;170;150000
333;1997;75;150000
7900;2006;131;125000
250;1998;75;150000
600;1995;150;20000
1950;2003;125;150000
15900;2011;140;125000
600;2001;98;150000
17900;2008;231;125000
750;2000;140;150000
0;1999;150;150000
10499;2011;122;100000
2999;2001;101;125000
3950;2008;94;150000
1399;1999;101;150000
9555;1963;52;150000
1150;2005;0;150000
16900;2010;190;150000
3450;2008;69;80000
10499;2008;102;60000
1999;2017;150;5000
1800;2005;95;150000
15900;2010;204;150000
2550;2002;101;150000
3900;2004;116;150000
1150;2001;50;150000
20000;2010;184;150000
5999;2003;163;150000
4250;1991;179;150000
4299;2006;90;150000
1550;1999;144;150000
4250;2007;71;125000
4400;2006;90;150000
3650;2004;61;125000
17;2005;0;5000
5250;2009;60;60000
14500;1993;306;50000
2000;2005;94;125000
1699;1999;50;80000
500;1990;54;150000
100;1995;0;150000
4700;2006;140;150000
1600;1998;101;150000
12499;2007;170;150000
9250;2010;98;70000
5950;2004;101;125000
3500;2006;101;150000
8000;1993;247;100000
6950;1998;131;150000
1950;2003;75;125000
5500;2016;0;150000
5300;2005;192;150000
5500;2005;0;150000
1888;2018;61;90000
1299;1999;50;150000
5900;1997;150;125000
4299;2003;0;150000
2100;2001;0;150000
6900;1997;193;90000
2850;2001;75;150000
1200;2000;125;150000
2800;2003;95;150000
190;1994;60;125000
10000;2004;334;150000
599;2000;140;150000
2450;2000;105;150000
8450;2008;204;150000
9599;2002;224;150000
1990;2005;64;150000
6999;2007;140;150000
15000;2010;136;125000
2999;1997;102;150000
6888;2009;116;40000
5800;2005;140;150000
250;1996;113;150000
12000;1974;48;80000
250;1995;0;150000
3600;1997;135;150000
5500;2010;87;90000
2850;2001;197;150000
5500;2005;92;90000
16300;2007;224;150000
1999;2001;143;150000
850;2003;58;90000
9850;2010;0;125000
1000;2004;101;150000
15900;2009;211;90000
999;1999;75;150000
5250;2011;73;80000
8500;1997;286;150000
1100;2000;136;150000
4150;2010;61;50000
3950;2008;90;125000
4450;2009;105;150000
1500;2017;101;150000
950;1998;120;150000
5000;2008;101;125000
3500;2001;101;150000
6499;2003;116;150000
5000;2007;116;100000
0;2002;131;150000
6900;2003;170;150000
4000;2002;150;150000
6800;2008;120;150000
1399;1997;0;150000
750;1998;75;150000
1850;2006;60;150000
4750;2005;150;150000
14900;2013;122;50000
7200;2008;105;150000
2900;2005;140;150000
6700;2011;84;70000
6000;2009;177;125000
2850;1998;102;80000
3390;2005;101;125000
0;1998;60;150000
400;2016;90;150000
3000;2001;231;150000
12990;2005;235;150000
3300;2002;0;150000
15999;2010;170;150000
10300;2008;140;150000
5500;2011;69;70000
1900;2002;122;150000
8999;2003;218;150000
7499;2009;115;70000
8999;2006;179;150000
1000;2003;102;150000
1000;1998;125;150000
2800;2004;125;150000
650;1999;101;150000
1799;1990;118;150000
4500;2007;131;150000
800;2016;0;150000
8000;2011;140;100000
0;2016;150;150000
1330;1997;143;150000
9999;2013;105;40000
600;1999;60;100000
3800;2018;90;150000
6750;2006;136;125000
750;1999;75;150000
12900;1997;237;150000
6200;2013;65;70000
1500;2002;75;150000
1850;1998;101;150000
15800;2013;122;30000
4900;2009;140;150000
1250;1996;101;150000
0;2009;86;70000
399;1993;0;150000
15900;2012;170;70000
3199;2006;101;150000
8000;2009;0;70000
7000;2004;140;150000
8600;2018;245;150000
1600;2001;116;150000
3600;2010;61;70000
500;2001;76;125000
1850;1997;0;150000
450;1999;60;150000
3999;2001;197;150000
15000;2008;200;100000
499;1998;54;150000
3799;2001;116;150000
4999;2009;75;150000
5900;2012;69;50000
1000;1999;116;150000
600;1997;80;150000
12999;2007;241;70000
7500;2006;140;150000
1870;2002;60;150000
399;1993;40;150000
2199;1998;140;150000
3500;2008;54;90000
100;2000;0;5000
90;1994;60;150000
6000;1996;150;150000
749;1997;75;150000
3200;2002;84;90000
1800;2000;101;125000
17750;2013;125;40000
600;1995;102;150000
14550;2007;218;70000
1000;2000;0;150000
2699;1998;156;150000
1900;2018;0;150000
1999;2004;0;150000
3100;2001;105;150000
1000;2004;109;150000
3100;2009;105;150000
1300;2000;54;150000
2600;2003;101;150000
1400;2001;120;150000
15500;2011;158;70000
200;1997;45;150000
1400;1994;54;90000
5900;1989;26;20000
4500;2005;105;125000
2800;2001;109;150000
2500;2004;116;150000
4099;2005;75;150000
13800;2008;136;150000
1600;2001;116;150000
6900;2013;75;70000
2750;2002;64;125000
4350;2006;140;150000
12500;2011;105;150000
12500;2011;102;150000
350;1999;58;150000
1599;1996;150;150000
18499;2010;330;70000
990;1996;136;150000
950;2000;105;150000
750;1992;122;150000
9250;2005;283;100000
600;1998;75;150000
1200;2000;0;150000
200;1997;0;150000
4900;1993;113;150000
900;1999;116;150000
3200;2004;131;150000
1900;2002;45;150000
7500;1998;179;150000
1149;2000;60;150000
8500;2008;116;30000
0;2001;101;100000
300;1997;0;150000
3000;2000;110;150000
1650;2001;168;150000
3750;2010;82;50000
9600;2005;258;125000
1600;2005;60;150000
1650;2003;90;150000
6000;2008;122;70000
15500;2013;116;40000
15950;2008;197;150000
850;1999;75;150000
6399;2004;224;150000
5000;2007;120;150000
900;2000;102;5000
1499;2017;90;150000
950;2017;163;150000
1450;2001;75;125000
8500;2008;190;150000
1100;2003;101;150000
5600;2002;110;90000
6000;2009;82;70000
8990;2006;140;150000
1300;1996;122;150000
14299;2006;258;80000
5350;2013;75;50000
4800;2007;110;150000
4250;2006;105;150000
2890;1966;0;5000
7450;2011;86;60000
650;1996;90;150000
9200;2015;60;5000
11900;2012;86;40000
300;1994;150;150000
3990;2001;163;150000
17900;2000;500;150000
6800;2008;105;150000
1500;1999;75;150000
3300;2005;136;150000
15600;2005;272;100000
2000;1998;101;150000
3299;2003;84;60000
1499;2005;0;150000
1550;2004;120;150000
450;2003;62;150000
4450;2009;75;60000
3900;2008;0;150000
4750;2007;101;150000
3500;2005;109;150000
17500;2009;170;50000
5200;2004;82;125000
750;2018;45;100000
5600;2010;136;150000
1350;2000;0;125000
10399;2008;140;150000
600;1996;193;150000
2800;2006;170;150000
600;1996;54;125000
19999;2009;218;125000
8700;2009;160;150000
350;1989;39;150000
800;1995;0;150000
13500;2007;232;150000
4000;2007;150;150000
13200;2006;163;150000
3200;1998;102;150000
6500;2017;0;60000
250;2005;0;150000
5300;2006;140;150000
1396;2005;0;150000
8099;2006;109;125000
17900;2008;131;125000
1450;1997;193;150000
1900;2000;118;150000
1250;1999;54;125000
0;1995;0;125000
3999;2002;197;150000
8250;2006;232;150000
5950;2018;163;125000
6500;2009;105;150000
4899;2008;75;50000
600;1996;60;125000
3800;2008;69;100000
3200;2003;61;125000
7500;2013;75;50000
2500;2001;150;150000
1450;2001;60;150000
2000;2005;50;150000
1500;2004;115;150000
16490;2012;143;70000
1750;2004;75;125000
1750;2002;58;150000
1650;2016;114;100000
16000;2012;122;60000
3999;2017;90;125000
15000;2006;349;150000
3900;2004;131;150000
1450;1999;65;80000
13199;2012;120;30000
9200;2006;140;150000
800;1994;90;150000
2300;2003;58;150000
2200;1992;110;150000
10700;2006;150;125000
900;1999;60;150000
4550;2008;80;125000
17900;2013;0;50000
400;1998;45;150000
1699;1999;105;150000
2850;1995;160;150000
7500;2004;224;150000
9390;2009;116;90000
14990;1966;223;90000
1300;1994;113;150000
3900;2005;111;70000
1350;2016;75;100000
2090;2003;60;150000
9349;2015;69;10000
3799;2003;211;150000
5500;2005;105;150000
1395;1998;60;125000
4250;2006;106;150000
9499;2004;192;150000
450;1999;44;5000
1000;2001;90;150000
550;1995;75;125000
1350;1996;102;150000
1190;2003;0;150000
2885;1992;136;150000
6599;2009;120;50000
2299;2002;75;125000
1499;1997;101;20000
2999;2016;143;150000
700;2001;60;150000
5900;2004;136;20000
6650;2017;0;50000
3600;1992;98;150000
17900;2012;170;70000
4150;2004;105;150000
800;2003;143;150000
10500;2009;105;80000
1050;1999;122;150000
5300;2002;333;150000
15900;2013;122;30000
2222;2007;71;50000
5300;2003;110;150000
1300;1999;75;150000
3290;2004;150;5000
4500;2005;131;150000
10000;2005;131;150000
9300;2006;105;100000
799;2018;50;150000
6000;2003;231;150000
4600;2005;75;150000
3350;2017;0;150000
450;1999;90;150000
11000;2004;150;150000
450;1991;136;150000
300;1993;90;150000
6350;2007;140;125000
0;2000;0;150000
950;2016;0;150000
2000;2000;0;150000
3500;2010;69;100000
10850;2012;160;100000
1300;2000;131;150000
2300;2017;90;150000
16650;2015;125;40000
990;1969;26;5000
7950;2009;105;90000
4690;2004;150;150000
350;1997;0;150000
0;1998;0;150000
1300;1998;0;150000
3550;2008;80;150000
1299;1996;54;150000
1999;1999;90;150000
0;1988;118;150000
19900;2011;170;125000
12500;2010;140;150000
9500;2015;155;5000
1250;2000;116;150000
3100;2006;109;150000
2500;2004;101;150000
700;2006;115;150000
11850;2007;218;150000
9999;2010;160;150000
2900;2004;116;150000
0;1983;0;5000
3350;1999;193;150000
12000;2011;140;100000
3200;1999;193;150000
6500;1985;34;125000
6200;2010;69;30000
799;2000;174;5000
3100;2001;171;150000
3900;2004;150;150000
15850;2008;235;150000
3190;2003;0;150000
17500;2013;160;10000
4200;2004;140;150000
1699;2001;75;100000
1999;2002;75;150000
4700;2011;0;30000
9390;2010;98;80000
3000;1995;150;150000
1600;1999;101;150000
8500;2006;224;150000
1100;1994;0;150000
1600;2008;75;150000
350;2017;75;150000
800;1997;60;150000
6999;1999;245;150000
0;1998;131;150000
13999;2011;160;150000
2900;2003;124;150000
199;1991;90;150000
899;2018;0;150000
18899;2008;286;150000
3999;1995;174;150000
500;1997;60;125000
4350;2011;0;125000
650;2016;79;150000
5500;2004;105;125000
6500;2005;150;150000
2300;2001;120;150000
0;1997;60;150000
749;1988;69;125000
2950;1998;125;150000
2450;1988;132;125000
2500;2001;110;150000
11500;2013;150;125000
1249;1999;146;150000
2999;1998;101;150000
3000;2017;90;150000
3500;2000;135;150000
2999;2002;170;150000
0;2001;141;150000
16960;2013;122;30000
7500;2004;163;150000
12990;2010;136;70000
7800;2003;160;150000
5950;2017;136;100000
80;1995;55;150000
500;2000;116;150000
2900;2004;103;90000
3090;2004;150;150000
7200;2006;109;150000
5700;2009;75;70000
12900;2006;224;150000
19500;2006;330;125000
15900;2005;272;150000
2500;2007;55;70000
999;1995;0;150000
4000;2003;109;125000
9300;2006;170;125000
2999;2007;75;150000
1250;2004;135;150000
0;1997;0;150000
3600;2008;75;150000
6800;2005;0;125000
9750;2012;86;80000
5500;2008;90;125000
2295;2006;54;70000
4800;2003;116;125000
5500;1998;231;90000
4000;2009;75;150000
5400;2001;116;70000
7590;2007;170;150000
3330;2003;125;150000
2700;2007;120;70000
12999;2002;354;125000
6580;2010;82;30000
999;2016;63;60000
1999;1964;10;150000
800;2000;75;150000
10000;2017;0;150000
4600;2007;60;90000
7500;2008;145;150000
7700;2004;140;150000
8499;2005;140;150000
150;1997;0;150000
3490;2004;130;150000
13999;2013;86;40000
18500;2003;231;50000
2490;2001;90;150000
1500;2002;60;150000
10500;2006;177;125000
1350;1999;0;5000
7280;2005;224;150000
1050;1998;50;150000
1500;2003;50;125000
500;1995;116;150000
1500;1997;90;150000
850;1996;90;150000
2000;2001;106;150000
800;2000;0;150000
1650;2000;101;150000
3200;2005;105;150000
15999;2003;231;80000
2250;1999;101;150000
2000;2000;163;150000
0;1997;105;150000
499;1993;132;150000
400;2002;50;150000
1650;2016;75;150000
1800;2000;90;150000
0;2017;102;150000
1900;2003;75;100000
3000;2005;115;150000
1449;1997;0;150000
1600;2002;60;150000
2250;2004;60;100000
3150;2002;86;150000
750;2016;88;150000
999;2000;60;150000
500;2000;73;125000
15500;2014;105;20000
3300;2007;0;150000
1499;2003;58;150000
10200;2007;224;125000
2990;2009;68;90000
7300;2007;150;125000
3220;2008;0;125000
10750;2010;147;90000
4999;2010;71;80000
13490;2010;136;90000
990;2018;0;150000
400;2000;54;150000
5700;2006;0;150000
350;1996;55;150000
9250;2005;163;150000
400;2002;60;150000
7800;2004;200;150000
1950;2001;58;150000
199;1997;55;60000
950;1999;90;150000
1198;1997;75;100000
16500;2010;184;150000
10000;2007;150;80000
3990;2007;140;150000
2500;2002;50;60000
15500;2012;131;80000
5990;2010;102;150000
3999;2001;110;100000
3500;2006;180;150000
5800;2005;258;150000
1800;1999;110;150000
750;1996;60;150000
1500;2003;90;150000
4000;2010;0;150000
2400;1993;192;150000
1000;1994;90;150000
6200;2018;0;150000
4600;2009;71;60000
5900;2003;116;125000
3200;2016;88;125000
18400;2012;170;100000
7650;2009;80;40000
1000;1996;125;150000
10750;2003;306;150000
3250;2017;0;150000
0;2004;0;125000
17900;2009;325;70000
8300;2006;140;150000
3300;2010;0;125000
1600;2017;90;150000
4500;2003;0;150000
6500;2010;75;60000
1000;2000;0;150000
0;1988;136;150000
1000;1999;136;150000
5100;2004;179;150000
19499;2011;177;150000
1650;2003;50;150000
7899;2002;347;150000
399;1990;80;150000
250;2001;60;150000
17990;2010;184;150000
2500;1994;103;80000
500;2000;107;150000
2800;2008;0;150000
650;1999;0;150000
1250;1994;122;150000
3900;1996;144;150000
599;1990;0;70000
950;1999;144;150000
2900;2005;98;125000
1150;1998;75;150000
1999;2002;109;150000
7200;2002;118;125000
7000;2004;231;150000
350;1999;0;150000
1799;2002;75;150000
10500;1985;163;150000
3990;2009;68;50000
190;1995;0;150000
8199;2005;218;150000
9100;2004;0;125000
5950;2004;0;150000
2100;2000;150;150000
4800;1996;126;150000
17190;2008;218;90000
2999;2010;60;80000
7650;2006;170;150000
7300;2006;90;100000
10999;2010;122;90000
16900;2010;184;90000
2450;2006;75;150000
1599;2007;69;150000
5600;2009;101;70000
500;1996;144;150000
1150;1998;100;150000
649;1997;54;150000
10999;2003;231;90000
2940;2005;90;150000
899;2007;140;150000
6500;2004;163;150000
3250;1995;219;150000
11000;2007;177;150000
699;2005;0;150000
1999;1997;150;150000
8590;2010;80;80000
2150;2000;125;150000
0;1997;0;150000
0;1983;26;80000
300;1995;90;150000
499;1995;102;150000
16200;2009;286;150000
200;1996;125;150000
750;1999;0;150000
150;2003;75;150000
1550;1998;102;150000
1150;2016;50;150000
700;2017;0;150000
2000;2001;75;150000
500;1996;0;150000
2499;2008;75;90000
5500;2003;170;150000
1800;2002;131;150000
1700;2003;131;150000
0;1994;75;150000
9500;2004;163;150000
1870;1998;86;150000
2900;2004;192;150000
10999;2014;73;20000
12200;2013;109;60000
750;2002;60;125000
500;2016;0;150000
8750;2008;0;150000
1250;1999;88;150000
500;1992;192;125000
750;2016;115;150000
1350;2017;100;150000
11450;2009;143;100000
5700;2016;80;80000
4000;2005;90;90000
5500;2012;69;40000
3950;2001;102;125000
7700;2016;156;80000
4750;2018;109;150000
0;1997;37;150000
12000;2010;211;150000
2500;2007;73;150000
9500;2010;210;90000
950;1989;140;150000
3499;2009;66;20000
500;2017;90;150000
500;1996;75;150000
19990;2010;239;150000
5800;2008;140;150000
3550;2000;0;150000
11500;2012;105;30000
750;2002;0;150000
0;1994;50;150000
1890;2003;58;50000
5299;2008;45;125000
6000;2009;150;150000
0;1996;75;125000
2900;2000;101;150000
11900;2006;265;125000
3790;2004;179;150000
3999;2006;109;150000
250;1995;88;150000
1200;1998;75;150000
600;1991;110;150000
1500;2001;0;150000
13500;2008;272;150000
11000;2011;120;30000
3900;2001;129;100000
13000;2011;135;50000
18499;2011;170;90000
555;1997;75;150000
950;2002;60;150000
999;2001;50;150000
5900;2008;0;90000
1200;1999;75;150000
6490;2009;71;50000
950;1999;60;150000
1800;1999;116;150000
11500;2009;136;150000
3100;1997;115;150000
250;1995;90;150000
4500;2001;231;150000
10379;2010;120;40000
2150;2005;60;150000
2999;2018;108;100000
9000;2004;105;90000
4250;2006;69;150000
260;1960;0;10000
550;1997;101;150000
1450;2004;54;150000
18400;2014;140;50000
0;2000;105;150000
6650;2003;204;150000
800;1989;118;150000
7499;2007;141;125000
1;1985;220;150000
3000;2003;87;90000
580;1998;60;125000
7999;2000;245;150000
700;1998;45;150000
600;2002;82;150000
300;2005;0;150000
3290;2006;102;150000
10850;2006;231;150000
18900;2006;450;150000
400;2000;60;150000
2500;2000;184;150000
500;1998;110;150000
18500;2013;150;40000
4200;2001;136;150000
2490;1990;150;150000
2190;1998;110;150000
2700;2004;106;150000
1500;2005;144;150000
4999;2007;150;150000
5999;2006;163;150000
6000;2005;150;150000
1590;1998;136;150000
500;1994;0;150000
14900;2009;160;80000
5490;2007;95;125000
8800;2008;0;150000
300;2005;0;150000
19750;2012;170;125000
3500;2008;69;125000
0;2006;306;150000
3150;2003;116;150000
3400;1999;218;150000
2999;2006;116;150000
2850;1999;150;150000
2450;2004;98;150000
3999;2017;75;70000
8950;2011;145;150000
4500;1995;174;125000
2333;2017;75;125000
900;2001;0;150000
750;2001;101;150000
8400;2006;230;150000
5500;2009;116;150000
850;1996;125;150000
2200;1998;101;150000
11299;2006;129;30000
4750;1995;140;150000
2600;2000;116;150000
6000;2007;179;125000
1000;1998;75;150000
2500;2005;109;150000
2555;2001;170;150000
850;1996;170;150000
1450;1994;116;150000
450;1999;66;150000
8500;2012;90;60000
5400;2002;207;80000
4400;2004;0;150000
1;1996;0;80000
1250;2001;110;125000
1250;1994;111;150000
8000;2009;95;150000
19499;2009;231;100000
950;1999;0;150000
5399;2004;150;150000
500;2005;82;150000
2400;2006;65;150000
2400;1990;105;150000
3150;2005;130;150000
11800;2010;143;125000
5800;2011;69;150000
1500;2004;75;150000
6550;2004;204;150000
16990;2011;184;40000
3449;1998;140;150000
4990;1999;193;150000
10900;2010;116;80000
3300;2001;129;150000
2500;2003;125;150000
0;2005;0;150000
19450;2014;122;30000
4500;2005;140;150000
2199;1999;118;150000
7188;2011;116;150000
2599;1989;99;150000
400;1992;103;150000
2150;1991;109;150000
11900;2017;94;5000
2250;2004;116;150000
1599;2010;55;150000
550;2000;68;80000
18000;2012;156;50000
2299;2005;75;150000
4500;2001;179;150000
700;2002;58;150000
3750;2003;177;150000
850;2000;116;150000
1900;2004;60;150000
7450;2013;71;20000
15000;2011;122;60000
4450;2005;225;150000
2050;1993;75;150000
7490;2010;109;125000
2700;2006;80;150000
9170;2009;122;100000
299;2000;60;150000
200;2000;0;150000
1100;2016;147;150000
12500;2007;170;125000
2250;2004;120;125000
750;1999;55;100000
1900;2002;120;150000
0;1992;115;5000
6500;2009;85;125000
4300;2000;88;150000
2750;2002;125;150000
4599;2010;109;150000
7900;2005;163;150000
2600;2007;90;150000
4200;2006;116;150000
12999;2012;140;100000
2000;2018;0;150000
2799;2009;109;100000
1800;2016;77;90000
6350;2007;141;150000
900;1998;110;150000
0;1998;53;150000
1900;1996;60;125000
4100;2001;193;150000
3850;2005;131;150000
900;1997;0;150000
2250;1999;73;150000
10350;2011;120;100000
3750;1999;163;125000
350;1999;45;125000
1799;1999;125;150000
2650;1992;75;125000
990;2003;116;150000
3999;2003;118;150000
1300;1999;65;125000
6000;2001;129;150000
4900;2016;0;150000
15500;2012;211;80000
6499;2009;115;125000
50;1999;60;150000
1450;2001;50;150000
15900;2014;90;20000
3900;2005;80;50000
5000;2006;174;150000
2500;2001;106;150000
10800;2006;258;150000
1499;2003;0;150000
1900;2000;75;125000
17500;2015;182;10000
1500;2000;0;150000
2299;2000;104;150000
17690;2014;200;30000
3550;2007;69;125000
1999;2005;65;90000
5400;2010;85;90000
3150;2002;101;150000
6999;2013;68;40000
2500;2004;125;150000
1150;1994;115;150000
600;2016;70;150000
11800;2013;90;50000
1900;1988;95;150000
800;1997;115;150000
238;1991;0;150000
14500;2014;110;60000
1199;2001;50;150000
17200;2006;435;150000
350;1995;75;150000
0;2000;120;150000
5600;2008;140;150000
1200;1991;69;150000
5300;2010;82;80000
5700;2016;170;150000
1600;2000;110;150000
550;2017;170;125000
699;1999;88;150000
5800;2007;70;150000
2950;2002;131;150000
1450;1997;99;150000
8000;1989;170;5000
0;2000;214;50000
5000;1999;238;150000
4300;2017;0;125000
9200;2011;131;125000
2300;2005;60;150000
750;1995;75;150000
800;1992;60;100000
590;1996;101;150000
2200;2006;105;150000
3250;1999;139;20000
620;2000;150;150000
7490;2003;170;150000
150;1995;45;150000
1400;2017;60;125000
4000;1999;179;150000
640;2000;75;150000
1350;2003;107;150000
12800;2010;122;80000
2000;2003;144;150000
8200;2009;101;50000
3999;2007;90;150000
890;1993;150;150000
500;1996;75;150000
699;2000;140;150000
475;1999;0;150000
650;2001;125;150000
1000;2002;50;125000
0;2017;75;150000
2900;2002;129;150000
1500;2006;64;150000
100;1996;45;150000
1500;2003;120;150000
3100;2007;65;100000
750;2002;55;150000
650;1998;133;150000
1250;2001;136;150000
17500;1998;344;150000
7200;2007;122;150000
800;1997;60;150000
1850;1992;138;20000
690;2000;0;5000
4750;2007;140;150000
1100;2000;50;150000
7800;2007;109;150000
8999;2007;163;150000
2000;1998;75;150000
4200;2003;130;100000
600;1999;67;150000
6300;2006;190;150000
14899;2012;105;125000
500;2001;86;150000
2000;2000;75;125000
7000;2007;163;150000
8450;2007;140;150000
1100;2003;98;125000
7950;2006;163;150000
17500;2010;211;70000
1099;2002;60;150000
8990;2008;143;150000
12990;2010;185;125000
3950;2007;125;150000
2550;2003;207;150000
400;2016;58;150000
2700;2002;170;150000
17500;2012;150;125000
1500;1999;60;100000
2299;2001;136;150000
8200;2009;0;80000
111;2000;0;5000
700;1997;101;150000
250;1994;0;150000
3500;2004;131;150000
2000;2002;131;150000
0;1990;0;5000
3200;2004;140;150000
1350;2003;231;125000
750;1996;85;150000
3000;1999;190;150000
13800;2008;183;40000
150;1998;0;150000
100;1999;90;150000
450;1994;45;150000
7900;2004;163;150000
17000;2014;136;60000
10800;2013;136;150000
1600;2004;60;150000
0;2002;150;150000
9499;2005;254;150000
1199;2001;60;150000
250;1994;75;80000
17500;2012;170;90000
12500;2013;120;30000
8200;1990;136;150000
8900;2009;160;125000
1999;2001;116;150000
13300;2014;140;50000
3000;1999;116;125000
5999;2004;140;150000
9100;2011;105;150000
650;2017;75;150000
18870;2012;111;70000
599;1998;102;150000
5999;2004;122;150000
14000;2010;140;100000
500;1995;45;150000
4800;2008;109;60000
1250;1998;0;150000
5250;2000;165;150000
2999;1999;75;150000
3000;2008;82;60000
2499;2006;60;125000
12600;2009;200;90000
3300;2005;0;150000
500;1998;75;150000
18950;2012;122;40000
3000;2001;170;150000
950;2003;101;150000
1990;2002;75;125000
100;1998;0;150000
1699;1995;122;150000
4999;2007;68;10000
800;1997;300;150000
2000;2003;131;150000
420;1998;60;150000
1500;1998;110;150000
700;1999;125;150000
11700;2012;125;50000
0;2017;0;150000
1900;1995;147;150000
1550;2003;95;150000
11500;2005;334;125000
2200;2007;140;150000
3700;2007;82;150000
4590;2017;120;150000
13599;2006;231;80000
120;1998;75;70000
1000;2000;125;150000
1290;1997;75;150000
2350;2003;109;150000
17777;2010;163;150000
4500;2005;207;150000
10500;2007;170;150000
800;2000;54;125000
8500;2004;122;150000
1000;1999;60;150000
10490;2009;136;150000
1600;2003;65;150000
1750;2002;0;125000
999;2003;136;150000
10899;2009;190;150000
550;2000;75;150000
600;1997;101;125000
14000;2013;105;80000
1000;1997;101;150000
2200;1999;102;150000
2600;2017;64;125000
0;2000;136;150000
999;1997;114;150000
14800;2008;240;150000
1350;1996;60;100000
6995;2011;101;70000
850;2002;60;150000
0;1998;75;150000
16990;2009;204;80000
1200;1998;140;150000
1600;2003;0;150000
300;1998;134;150000
3200;2007;77;125000
4500;2003;143;150000
2550;1990;75;150000
299;2000;0;125000
1590;2000;125;150000
4300;2006;120;150000
2000;2000;85;150000
450;1995;60;150000
2000;2000;118;150000
600;2017;103;150000
99;2000;0;150000
6800;2000;0;150000
400;2016;75;60000
14300;2014;102;20000
6300;2007;95;90000
6800;2008;143;125000
16450;1990;211;150000
850;2003;60;125000
2500;2002;83;125000
2700;2004;109;150000
11200;2006;150;80000
3390;2006;140;150000
2600;2005;101;150000
2550;2017;101;150000
4700;2006;140;150000
6450;2007;141;50000
0;2000;105;150000
5400;2002;231;150000
3995;2005;155;150000
19950;2012;140;80000
1200;2001;55;125000
2900;2001;75;150000
2000;1997;193;150000
450;1995;60;150000
7500;2006;163;150000
480;1996;75;150000
0;2017;75;150000
5999;1998;120;150000
7000;2006;150;150000
15000;2008;232;150000
3850;2002;116;100000
16500;2013;150;20000
8999;2010;105;150000
990;2003;120;150000
1150;1997;60;150000
1500;2001;164;150000
5499;2010;75;50000
1750;1999;64;150000
10900;1990;160;150000
6950;2008;120;50000
1250;1998;100;150000
9800;2013;99;30000
13990;2012;140;150000
5600;2007;102;125000
18500;2011;140;60000
6900;2003;143;125000
1255;1999;0;150000
2750;2004;109;150000
19750;2013;204;40000
13900;1981;0;50000
11000;2010;105;90000
550;1996;45;150000
4900;2009;97;125000
1000;1997;150;150000
12900;2008;170;125000
550;1997;105;150000
0;2003;120;150000
1980;1999;122;150000
3200;2003;131;150000
12900;2008;170;150000
9700;2009;122;70000
700;2018;75;70000
1000;1998;101;150000
775;1993;0;150000
3250;2007;69;150000
250;2016;0;90000
2500;2005;155;150000
229;2016;54;150000
9950;2008;96;150000
50;2005;0;5000
0;1996;0;150000
2000;2003;0;150000
2800;2006;68;125000
2799;2003;75;150000
2099;2001;110;150000
2950;2004;120;150000
1800;2003;101;150000
5200;2005;140;150000
2790;1999;150;150000
2300;2005;125;150000
3300;2004;131;150000
3700;2002;75;150000
2200;2017;0;150000
4500;2006;97;100000
299;1997;50;150000
700;2001;116;150000
14500;2017;231;150000
17499;2012;140;50000
3750;2008;65;125000
13750;2005;300;80000
4222;2003;109;150000
19950;2016;120;5000
7900;2008;109;125000
1750;2008;0;150000
1;2017;122;125000
1200;2003;87;150000
4000;1993;90;90000
400;2006;59;80000
12500;2007;224;150000
5400;2005;143;80000
6300;2018;115;125000
4400;2003;90;150000
4200;2007;0;150000
1449;1990;109;150000
450;1997;115;150000
800;2000;0;150000
2399;2003;101;150000
1350;2001;50;150000
1950;2004;54;150000
470;2000;60;125000
1200;2001;120;150000
650;1999;58;150000
500;1999;0;125000
5999;2014;15;10000
7190;2004;204;150000
5000;2017;115;150000
13499;2005;150;50000
1200;2003;95;150000
1750;2005;0;150000
5950;2007;136;150000
1499;1995;150;150000
7500;2008;125;100000
20000;2016;110;5000
5700;2004;129;80000
2250;1999;65;30000
3950;1998;193;150000
50;2016;0;5000
1200;2001;116;150000
1499;1995;0;150000
500;2003;60;150000
5599;2007;105;150000
9450;2003;218;150000
15800;2013;132;30000
1000;1999;150;150000
2599;2018;212;5000
1999;2017;0;150000
1200;2001;54;150000
3300;2002;106;150000
400;2016;0;150000
1700;2003;40;150000
2599;2004;109;150000
2250;2017;75;150000
0;1994;0;150000
14500;2011;163;70000
2250;2003;60;150000
190;1994;75;150000
8250;2006;102;125000
950;1999;57;150000
1500;2001;60;150000
18200;2012;200;50000
8400;2002;0;150000
3500;2016;146;150000
350;2003;150;150000
200;1996;60;150000
2700;2016;0;20000
18899;2014;105;40000
600;1999;90;150000
18900;2012;170;125000
11850;2009;175;90000
950;2000;145;150000
500;1996;75;60000
8200;2005;116;125000
19500;2010;239;150000
1500;2005;60;70000
7300;2010;125;90000
500;1995;150;150000
4999;2018;116;150000
9950;2005;170;150000
3000;2005;163;150000
600;2016;0;150000
4999;1995;105;150000
1950;1999;75;150000
2950;2001;131;150000
4499;2005;125;90000
1200;2008;67;80000
200;1997;75;150000
4000;2001;0;150000
6290;2001;98;50000
2200;2000;193;150000
550;1998;43;150000
6900;1993;150;90000
450;1998;193;150000
950;2003;0;150000
14250;2011;161;50000
2000;1999;75;150000
2999;2006;92;150000
3500;2003;163;150000
16500;2014;86;20000
4750;2010;65;20000
1500;2018;101;150000
4280;2004;95;80000
250;1998;54;150000
8499;2010;125;60000
800;2000;120;150000
3000;2007;58;70000
12000;1996;321;150000
13950;2011;184;70000
800;1997;95;150000
4150;2011;60;50000
2900;2005;80;150000
150;2000;0;125000
5500;1994;75;150000
19500;2017;322;150000
700;2000;90;150000
600;1997;75;125000
1200;2004;103;150000
1500;1991;75;150000
3300;2001;192;150000
4600;2006;75;150000
0;1995;150;150000
8999;2014;71;20000
4950;2007;90;150000
15500;2010;211;80000
5499;2017;340;150000
1499;2003;0;150000
850;2001;60;150000
500;1998;0;125000
6749;2005;218;150000
1990;2000;125;150000
12900;2013;102;40000
3999;2007;125;150000
600;2001;75;150000
10999;2001;231;150000
19999;2008;315;150000
0;1998;115;150000
750;1997;90;150000
800;2001;98;125000
11999;2011;122;100000
9900;2004;109;150000
16890;2010;184;150000
1550;2001;82;150000
16500;2008;272;125000
695;1998;101;150000
500;1998;116;150000
250;2000;0;150000
500;1997;110;150000
580;1999;0;150000
3450;2005;120;150000
6250;2002;143;150000
13500;2011;170;150000
8999;2006;231;150000
600;2017;122;150000
590;1994;90;150000
0;2002;109;150000
9800;2009;143;150000
5600;2005;150;150000
5850;2006;190;150000
8400;2006;224;150000
999;2000;54;150000
850;1997;60;150000
3490;2002;173;150000
5499;2008;86;90000
6490;2004;239;150000
6750;2005;218;150000
2950;2008;86;150000
3480;2007;101;150000
1000;2005;131;150000
0;2005;163;150000
150;1997;0;150000
1750;2003;0;150000
200;2000;75;150000
3900;2009;54;70000
900;2002;90;150000
3750;2006;95;125000
5700;1970;40;80000
18900;2013;163;40000
3450;2009;65;150000
1590;2000;75;150000
5690;2005;116;125000
1249;2002;75;150000
2750;2002;125;150000
16999;2009;190;150000
4999;1978;122;150000
12000;2008;175;90000
500;1999;90;150000
3200;2005;140;150000
5250;2003;150;150000
500;1999;102;150000
1600;2001;125;150000
1350;1992;80;20000
2700;1996;0;150000
500;1997;52;90000
3500;2003;952;70000
6790;2011;69;50000
750;1995;106;150000
999;2016;90;150000
5990;2001;170;150000
3333;2000;105;150000
0;2016;102;125000
2850;2005;5;40000
7600;2011;133;60000
899;1990;70;150000
14000;2008;185;150000
9499;2010;150;70000
8500;2012;140;150000
1200;1999;0;150000
12850;2011;169;70000
8900;1992;170;150000
2100;2002;143;150000
1970;2000;75;125000
2550;2003;143;150000
2900;2002;179;150000
4500;2003;116;150000
0;2002;122;150000
1299;2003;163;150000
550;1998;55;5000
650;2016;116;30000
150;1996;45;150000
1622;2017;136;150000
6800;2009;109;40000
500;1996;50;150000
850;1993;0;150000
14444;2007;286;150000
680;2016;75;150000
5500;2012;75;90000
6800;2009;179;150000
700;1999;58;150000
5500;2007;104;150000
6950;2009;90;125000
1599;2004;69;70000
2400;2017;0;90000
5650;2001;131;150000
7999;2007;0;150000
6000;2010;160;100000
4200;2009;128;50000
1666;2003;94;125000
9800;2007;170;150000
0;2000;0;5000
1350;1997;150;150000
2900;2000;90;150000
7777;2016;60;5000
12900;2006;224;150000
850;2001;0;150000
1150;2002;146;150000
650;1990;70;150000
899;1997;0;125000
5500;2010;86;125000
2550;2002;101;150000
4000;1998;177;150000
12299;2005;334;150000
7000;2004;231;80000
2600;2004;125;150000
9999;2004;192;125000
1999;2009;69;150000
2150;2017;0;150000
850;1998;54;150000
800;1997;60;150000
3650;1992;179;150000
6000;2007;170;150000
8100;2004;192;150000
1500;2002;98;150000
1100;1999;75;150000
300;2017;0;150000
2300;1999;102;150000
1200;1997;116;150000
5900;2000;179;150000
0;1985;0;150000
800;1996;60;150000
945;2001;50;150000
1900;2002;0;150000
5850;2004;143;125000
19500;2017;250;80000
250;1995;75;125000
1550;2016;165;150000
0;1998;50;150000
2950;2005;54;125000
11900;2010;140;80000
2350;2001;50;70000
10500;2011;239;125000
2300;2004;101;150000
1450;2000;101;150000
13500;2008;140;70000
6900;1999;192;50000
3400;2005;140;150000
999;1997;102;5000
3700;2007;101;150000
799;1998;75;150000
2450;2001;75;150000
4890;2009;92;100000
13900;2009;174;60000
1900;1999;45;150000
1650;2003;158;150000
1700;2001;61;150000
1590;2002;75;150000
5500;2012;69;80000
1590;2006;60;150000
1580;2001;60;150000
4600;2009;71;125000
2300;2001;173;150000
2150;1998;101;125000
6250;2004;218;150000
550;2000;60;150000
450;2001;0;150000
18999;2008;143;125000
300;1994;115;150000
5799;2009;80;125000
3200;1998;141;125000
350;1995;45;150000
3000;2005;82;150000
333;1996;125;150000
18390;2013;150;50000
0;2017;98;150000
6150;2008;95;150000
1750;1998;170;150000
500;1998;0;150000
16500;2011;180;60000
5500;1996;150;150000
2500;2004;109;150000
7499;2005;150;125000
3300;2005;177;150000
1600;2000;61;150000
650;1997;54;150000
150;1997;58;150000
990;1997;136;150000
850;2001;107;150000
6999;1987;69;125000
3299;2005;131;150000
150;1996;177;150000
2400;2001;125;150000
15900;2004;170;50000
4200;2002;170;150000
200;1997;0;150000
1200;1997;125;150000
5200;2002;163;150000
999;1999;75;150000
2100;1999;136;150000
1199;1999;0;150000
15850;2013;105;50000
7800;2005;150;150000
600;1996;45;150000
200;1997;75;150000
19990;2012;160;40000
500;2001;0;150000
1111;1998;75;150000
10500;2005;160;150000
225;1998;55;150000
1499;1997;90;150000
3500;1999;105;150000
550;1989;90;150000
15000;2006;233;150000
2200;2000;0;150000
14900;2013;105;60000
1299;2001;125;150000
200;2000;60;150000
1899;2002;143;150000
2500;2004;139;150000
0;1999;122;150000
3750;2018;88;150000
250;1995;0;70000
10900;2011;136;50000
100;2000;0;150000
4500;2017;0;150000
13700;2007;177;90000
950;2005;0;150000
3300;2005;0;150000
8200;2015;71;5000
6450;2007;140;150000
1600;2006;60;70000
1550;1994;150;150000
5000;2009;90;80000
6989;2008;140;150000
2200;1988;84;125000
7900;2012;86;70000
11900;1977;86;150000
16500;2001;241;150000
4600;2002;163;150000
0;1997;0;150000
500;2002;58;150000
799;2018;63;150000
7199;2009;80;125000
1890;2003;64;150000
3999;2003;193;150000
650;1997;179;150000
7600;1993;110;150000
2350;2004;60;125000
13900;2009;235;150000
12000;2007;170;150000
1550;1998;0;150000
400;2001;0;150000
1450;1998;165;150000
4450;1972;131;125000
11500;2008;204;150000
6900;2017;86;125000
17200;2011;184;20000
250;1995;60;125000
6300;2007;232;150000
6550;2007;170;150000
17400;2010;170;70000
49;5000;0;5000
1800;1998;50;150000
4500;2005;109;125000
7500;2006;116;150000
2550;2006;58;100000
1990;1998;150;150000
0;1996;75;150000
17000;2000;122;150000
8900;2006;224;150000
7500;2005;129;125000
1350;2003;58;100000
3900;2005;90;150000
4850;2003;177;150000
2049;2000;129;150000
750;1996;68;150000
2500;2005;54;150000
7500;2003;165;150000
5500;1999;224;150000
1000;2005;128;150000
2150;1999;147;150000
2850;2007;170;150000
2250;2003;101;150000
13500;2017;218;150000
1900;1998;170;150000
1300;1995;115;150000
8500;2016;0;150000
4999;1988;170;150000
15500;2012;122;40000
3700;2010;54;125000
1300;1996;126;150000
550;2000;0;150000
500;1995;0;150000
1250;2000;50;150000
1700;2003;101;150000
7500;2004;150;150000
1700;2004;121;150000
8000;2005;163;150000
6000;2001;193;150000
1000;1999;75;150000
2599;2003;68;150000
1999;2002;131;150000
3750;2003;101;150000
650;2001;0;150000
8000;2007;140;150000
1999;1996;122;150000
350;1999;125;150000
0;1954;54;150000
11000;1955;40;50000
11399;2006;175;150000
1999;2006;58;125000
1799;2002;75;150000
3885;2004;105;150000
5000;1991;0;150000
0;2005;0;150000
600;2001;106;150000
2400;2002;100;40000
400;1997;75;150000
1150;1999;116;150000
999;2002;0;150000
0;1997;101;150000
1300;1999;101;150000
1350;2018;0;150000
1999;2003;65;125000
2810;2007;90;150000
2300;1999;60;125000
1899;1998;75;150000
1250;1999;125;150000
250;1997;0;60000
6650;1997;241;150000
4190;2003;143;150000
0;2003;128;150000
2200;2017;306;150000
999;2001;75;150000
5;1998;0;150000
300;1995;0;150000
2300;2000;184;150000
100;2000;0;5000
10790;2008;143;150000
16700;2012;143;150000
1300;2005;109;150000
5555;1983;34;50000
2350;1999;90;150000
900;2000;65;150000
5250;2005;140;125000
1750;1997;101;150000
2850;2004;116;150000
5500;2003;179;150000
1700;2003;75;150000
1200;1995;150;150000
700;1998;101;150000
1200;2000;0;90000
5400;2006;120;80000
1400;2000;0;150000
2300;2000;170;150000
2000;2004;60;150000
1490;2001;75;150000
690;1989;130;150000
4499;2001;170;150000
4900;1983;60;40000
16480;2013;140;40000
719;2001;60;150000
0;2016;170;150000
19800;2012;140;90000
2600;2003;107;125000
3099;2005;90;150000
3950;2005;125;150000
3850;2009;75;125000
5500;2012;69;70000
5500;2009;86;60000
0;2000;0;150000
3900;1997;286;150000
300;1998;136;150000
1100;2002;60;150000
14980;2009;120;90000
1250;2001;60;150000
7999;1978;90;125000
3299;2006;136;150000
5900;2005;140;150000
899;1999;109;150000
6000;2009;90;60000
550;2016;75;150000
1999;2008;90;150000
1799;2000;80;150000
1950;1989;118;150000
6400;2005;140;150000
13990;2008;197;150000
4999;2006;111;50000
2700;2004;0;150000
1000;1998;50;150000
5400;2002;155;125000
7499;2013;72;20000
6500;2011;60;50000
10900;2009;160;125000
14500;2008;190;150000
17990;2007;235;150000
15999;2007;174;150000
3850;2006;105;125000
1600;1996;75;150000
750;1997;136;150000
2990;2004;150;150000
9900;2012;86;30000
3750;2017;0;5000
7900;2014;83;40000
1349;2002;75;150000
1800;1999;150;150000
14900;2003;340;150000
2790;1996;102;5000
1250;1999;58;150000
600;1999;101;150000
10000;2005;140;150000
4100;2009;150;150000
1650;2016;75;150000
9500;2007;179;150000
1500;2005;86;125000
8999;2004;192;150000
5900;2007;179;150000
7199;2005;306;150000
3899;1997;174;60000
1000;2002;122;150000
1550;2000;50;150000
3500;2006;0;150000
800;1979;60;150000
0;1990;75;150000
6500;2008;45;150000
400;1999;75;150000
1700;1998;235;150000
6999;2008;170;100000
7500;2016;105;60000
1499;1999;60;150000
800;2002;75;150000
0;1997;279;150000
1400;1997;90;150000
6780;2009;140;150000
1500;1996;60;60000
1500;2001;60;150000
1111;2000;75;150000
6950;2012;78;40000
1250;2001;170;150000
100;2005;0;5000
750;1999;150;150000
450;2000;0;60000
15800;1983;105;150000
6999;2012;90;90000
2900;2000;170;150000
15600;2011;143;90000
450;1999;0;150000
770;2017;0;150000
7250;2012;75;50000
1149;1998;75;150000
3200;2005;145;150000
800;1996;102;150000
6000;1987;0;5000
995;2003;169;150000
2000;2003;58;90000
777;2001;120;150000
9150;2008;150;125000
6500;2008;103;100000
200;2016;0;5000
1500;2000;50;150000
5700;2006;145;90000
1450;2000;75;150000
14950;2010;231;150000
6490;2009;122;125000
6999;2006;150;125000
3000;2003;150;150000
16000;2006;450;150000
2550;2004;75;150000
2300;2001;116;150000
550;1994;75;150000
899;2000;54;125000
5500;2006;95;50000
3000;2002;0;150000
2000;2006;84;150000
0;1997;75;150000
1850;1999;0;150000
3850;2002;150;150000
8850;2005;116;90000
3200;2004;105;150000
2200;2002;193;150000
4300;2006;105;150000
13000;1991;0;30000
3800;2001;116;150000
900;1999;75;150000
750;1990;200;150000
6000;2006;140;150000
650;1994;86;150000
8150;2006;116;125000
1850;2000;150;150000
1000;1988;110;90000
1250;2018;0;150000
500;1995;75;150000
2300;1958;45;80000
1100;1996;75;150000
10700;2006;150;150000
3699;2004;113;100000
1590;2004;60;150000
1200;1999;0;150000
1250;1994;222;150000
1790;1993;174;150000
1750;1995;0;150000
2150;2002;54;150000
4800;2004;131;150000
4399;2009;75;70000
1000;1996;101;150000
5600;2005;150;150000
19900;2011;160;30000
1350;1999;116;150000
2150;1998;110;150000
1300;1996;78;80000
990;1995;90;125000
150;2017;60;150000
4199;2004;105;150000
600;1999;75;150000
2599;2004;101;150000
950;1989;99;150000
4200;2004;150;150000
850;1995;60;150000
3850;2004;90;150000
4250;2009;68;50000
10399;2009;201;100000
5000;2001;241;150000
10990;2012;120;30000
13000;2018;105;100000
900;1998;101;150000
5200;2010;60;60000
2000;2006;69;150000
2499;1997;150;150000
706;1999;60;150000
10800;2007;140;150000
6400;1981;136;90000
1999;1999;158;150000
9999;2008;328;100000
3999;1994;220;150000
2450;2003;207;70000
18500;2011;204;150000
16500;2010;109;30000
2850;2007;75;150000
12600;2011;122;60000
1000;1998;37;125000
1799;1999;136;150000
200;2004;0;100000
5799;2013;18;10000
1600;1999;75;150000
5850;2017;136;150000
5990;2007;109;50000
1199;1993;90;125000
1950;2001;75;125000
1750;2003;125;150000
790;1999;60;150000
10800;2011;156;30000
500;1999;75;150000
1000;2001;150;150000
750;1999;136;150000
4250;2008;75;125000
13500;2013;95;50000
16700;2010;140;150000
2600;1998;150;150000
2950;1992;145;150000
750;1999;75;150000
1050;2000;150;150000
6940;2008;102;150000
14500;2007;200;100000
2200;2003;116;150000
2100;2018;0;5000
850;1999;50;150000
950;2002;75;150000
10300;2008;184;150000
1250;1997;279;150000
5800;2005;90;90000
0;2001;190;150000
1800;2001;101;150000
3490;2001;170;150000
1250;1992;57;150000
450;2003;59;125000
4600;2001;80;125000
1450;1997;150;150000
4000;2011;61;125000
850;1989;72;150000
8999;2006;140;150000
11900;2010;126;150000
2100;1995;90;150000
3100;2003;75;100000
9300;2009;116;80000
450;1997;101;150000
800;1997;75;150000
8499;2007;170;150000
3200;2008;105;150000
3000;1998;100;150000
3500;2006;75;150000
4200;1998;115;150000
1850;2005;54;150000
150;1998;0;150000
7400;2006;105;150000
4999;2007;140;150000
9900;2009;140;80000
750;2016;116;150000
3599;2006;80;150000
3490;1998;110;150000
6500;2006;140;150000
800;1998;117;150000
999;2017;60;150000
2400;2005;54;90000
2300;2000;170;150000
4999;2003;147;70000
4400;1995;90;125000
500;1994;45;150000
1;1989;90;150000
8200;2012;69;30000
13900;2010;170;150000
999;2018;58;150000
350;1998;75;150000
12000;2006;185;150000
5500;2003;125;150000
7999;2006;0;5000
2500;2000;116;150000
550;1999;101;150000
790;1999;105;150000
100;2016;60;150000
15200;2011;160;40000
4800;2004;150;150000
1700;2004;75;150000
1800;2000;125;150000
3000;1996;78;150000
8950;2005;150;150000
1600;2018;0;150000
3400;2005;0;150000
1000;1997;193;150000
6200;2008;136;150000
1299;2002;75;150000
300;1998;0;150000
4200;2001;170;125000
400;1993;75;150000
5899;2007;105;125000
699;1999;50;150000
10700;2006;140;150000
700;1994;122;150000
4411;2007;69;100000
950;1998;101;150000
1000;1988;132;150000
2200;2002;125;150000
3800;2006;140;150000
3100;2008;68;125000
5399;2003;131;5000
7800;2007;150;125000
450;2000;131;150000
1350;2016;0;150000
250;2000;114;150000
18000;2013;160;80000
6500;2007;126;150000
17900;2014;136;30000
3700;1995;90;150000
7500;2011;86;60000
9990;2007;140;90000
7790;2009;80;100000
1399;2002;75;150000
10000;2017;231;150000
5900;2007;133;90000
1100;1998;64;150000
5750;2000;110;125000
750;2001;0;150000
675;1997;75;150000
755;1998;131;150000
1850;1998;0;150000
2900;2004;136;150000
6900;2017;136;70000
1950;2016;143;150000
7000;2005;140;150000
4150;2001;75;100000
2690;1999;0;125000
3700;2006;140;150000
950;1996;0;150000
19500;2011;245;150000
1450;2016;110;150000
850;1995;60;150000
20000;2004;325;125000
6300;2017;131;150000
500;1996;70;90000
17499;2010;143;80000
1150;1998;90;150000
10800;2007;170;150000
990;1999;125;150000
1200;2000;66;30000
699;2005;125;150000
14900;2009;272;100000
5199;2009;110;125000
1950;2004;54;150000
2800;2001;105;150000
18500;2002;600;150000
2222;1995;68;150000
8300;2012;87;60000
1;2005;218;150000
3750;2005;105;125000
3250;2007;68;125000
850;2002;60;150000
8000;2006;131;125000
1700;1995;116;150000
2222;1987;132;150000
650;1995;0;150000
450;2016;101;30000
2399;2003;131;150000
599;1999;0;150000
10000;2008;260;90000
10999;2008;177;150000
3999;2006;82;150000
4500;2000;101;125000
10680;2003;344;150000
1450;2003;60;125000
50;1996;150;150000
3850;2002;147;150000
3900;2004;136;150000
1100;2000;58;150000
8000;2011;110;70000
650;1997;59;150000
9950;2012;105;60000
1700;2001;75;150000
4500;1996;286;150000
5750;2004;140;150000
250;2000;60;5000
500;1993;103;100000
700;1994;90;150000
2850;2007;58;125000
300;1996;40;90000
6800;2008;105;150000
800;1997;150;150000
4500;2002;150;150000
5600;2005;140;150000
600;1997;60;150000
10000;2018;116;100000
2200;2003;54;150000
3500;2007;170;150000
1000;2001;58;150000
10500;2004;224;150000
16900;2012;184;90000
2490;2002;163;150000
4199;2001;143;150000
1250;2000;74;5000
999;1999;135;150000
3990;2006;143;150000
1500;2001;86;150000
15900;2012;122;40000
6900;2005;140;150000
2200;2016;0;150000
3999;2003;101;70000
7500;1977;0;150000
8250;2010;95;60000
3290;2001;116;150000
1800;1999;101;150000
15000;2012;136;125000
690;1999;75;150000
2500;2000;116;150000
4500;2008;116;125000
3400;2003;116;150000
1850;2000;75;150000
2990;1999;0;125000
8949;2007;143;125000
500;2001;114;150000
1900;1998;75;150000
2490;2006;65;150000
1999;1998;181;150000
6990;2005;170;125000
2950;2005;75;150000
6850;1983;72;150000
2100;2001;60;100000
17000;2012;114;150000
900;1996;88;150000
890;2000;58;150000
5300;2010;69;80000
2100;2003;50;125000
3400;2003;110;150000
1300;2003;111;150000
6450;2007;114;150000
8300;2010;90;90000
5800;2007;116;90000
2380;2018;116;150000
0;1990;54;150000
10590;2010;105;80000
7990;2007;170;150000
2000;1999;101;150000
5300;1999;125;150000
1000;1999;60;150000
1400;1996;90;150000
3880;2001;150;80000
3200;2004;135;5000
5000;1998;110;150000
7950;2008;136;150000
10700;2011;105;60000
3850;2016;0;150000
1500;2000;90;150000
1150;1999;75;150000
10500;2016;0;150000
3999;2009;68;90000
0;1991;90;90000
5800;2007;80;125000
2350;2004;55;150000
100;1999;0;150000
1999;1997;136;150000
4500;2002;143;125000
11999;2010;122;30000
2950;2005;100;150000
3100;2007;150;150000
700;2018;70;150000
600;1997;115;150000
15000;2010;136;100000
2400;2004;101;150000
5890;2001;143;150000
3400;2005;116;30000
15700;2014;110;20000
550;1997;60;150000
3990;2000;75;100000
1099;2004;103;150000
2400;2001;140;150000
390;1997;54;125000
0;2011;250;60000
0;1997;193;150000
13500;2008;143;150000
2900;2017;89;30000
999;2005;0;150000
1599;1976;60;30000
2600;2005;0;150000
350;1998;50;150000
2500;2003;101;150000
1400;1999;110;150000
1100;1998;75;150000
1500;1996;136;150000
1690;1999;107;150000
300;2016;101;150000
1950;1987;165;150000
1250;1999;143;150000
380;1998;0;150000
7800;1999;151;150000
7999;2009;101;150000
750;1992;90;150000
10999;2006;197;150000
10500;2011;239;125000
15000;2009;239;125000
0;2007;256;150000
5500;2007;131;150000
4444;2005;136;150000
16999;1991;326;150000
0;1995;174;150000
300;2000;55;150000
2555;1995;200;150000
4470;2006;140;150000
750;1999;101;150000
7200;2010;75;10000
14000;2011;140;150000
13999;2017;238;90000
11300;2010;156;50000
1350;2001;115;150000
800;2016;50;150000
6000;2004;200;150000
1650;1996;116;150000
17499;2013;140;30000
2850;1998;131;125000
0;1994;115;100000
2200;2018;75;150000
2000;1992;90;125000
7200;2008;102;80000
900;2000;150;150000
500;2016;81;125000
650;1999;122;150000
1300;2002;75;150000
8900;2010;120;150000
8990;2010;170;150000
1900;1998;75;150000
1750;1997;150;150000
19500;2000;400;150000
1000;1986;75;90000
1420;2000;75;125000
999;2003;75;150000
150;1996;0;150000
15400;2012;163;80000
3450;2009;54;90000
180;1998;60;150000
11450;1961;101;125000
4200;2004;120;150000
5050;2002;163;150000
1995;2001;179;150000
5199;2000;163;150000
1350;1999;82;150000
2900;2002;95;150000
1499;2000;60;125000
375;1996;0;150000
3490;2006;185;150000
7700;2006;184;150000
11900;2008;160;100000
2100;2000;101;150000
10750;2009;160;100000
599;1993;0;150000
2700;2006;116;150000
17400;2012;204;150000
150;2007;130;150000
1500;2001;119;150000
950;1997;105;150000
2200;2004;110;5000
9500;1972;60;150000
400;1998;60;90000
300;1996;45;150000
3350;2006;103;150000
700;2000;0;150000
1200;1998;90;150000
0;2000;0;100000
1390;2000;75;150000
6990;2010;90;150000
250;1995;0;100000
5800;2018;122;150000
1100;2018;75;150000
1850;2001;0;150000
600;1997;136;150000
3320;2003;90;150000
8000;2004;204;150000
1200;1998;50;150000
8900;2009;143;150000
450;2000;125;150000
3900;2002;163;150000
150;1998;0;100000
12000;2011;110;50000
3150;2002;120;150000
980;2001;58;125000
4450;2005;0;80000
0;2001;143;150000
11400;2006;200;50000
0;1993;90;150000
3450;2004;105;125000
11500;2004;163;125000
10500;2006;200;80000
13200;2010;140;60000
8499;1993;220;150000
800;2016;45;125000
750;2000;60;150000
650;2000;75;150000
9500;2013;101;20000
1899;1994;114;150000
888;1996;75;150000
3990;2007;75;80000
2700;2000;163;150000
18000;2010;170;60000
2699;1997;193;150000
4399;2003;103;125000
1650;2003;136;150000
6950;2009;122;150000
4444;2006;80;150000
3850;2009;110;100000
2700;2000;115;150000
15900;1996;120;150000
200;2016;0;150000
1800;2000;118;150000
600;1997;75;150000
3300;1998;116;150000
1750;1996;100;150000
0;1997;136;150000
2350;2003;0;150000
399;1996;0;150000
9850;2006;232;150000
500;1995;102;150000
2400;2001;0;150000
1999;2000;115;150000
650;1997;101;150000
690;2017;90;150000
7900;2012;87;30000
0;2006;177;150000
19500;2011;265;90000
14900;2014;140;40000
3499;1996;77;150000
11900;2010;140;150000
900;2000;0;90000
11148;2007;131;150000
3900;2008;122;150000
333;1991;40;80000
5800;2000;286;150000
2399;2004;95;150000
7700;2006;179;150000
9200;2001;197;100000
2200;1997;143;150000
8900;2017;135;150000
1849;2003;101;125000
846;1999;107;150000
1600;2002;100;150000
1800;1994;129;150000
7990;2014;86;40000
2799;1999;90;150000
550;2001;140;150000
3000;2005;109;150000
1500;2001;75;150000
1800;1999;115;150000
1500;2001;192;150000
200;1997;82;150000
11300;2012;140;30000
7200;2009;80;125000
2400;1998;144;150000
15500;2015;110;10000
2399;2000;197;150000
4000;2004;116;150000
888;1989;101;150000
270;2016;90;150000
20000;2009;224;150000
8990;2009;95;50000
6400;2004;204;150000
1450;1994;102;150000
600;2000;54;150000
10500;1981;75;150000
3480;2006;80;125000
2990;1999;101;150000
4500;2010;73;150000
3750;1998;150;150000
2100;2017;86;5000
5900;2010;131;150000
850;2001;100;150000
950;1999;193;150000
2666;1998;122;150000
550;1998;58;150000
750;1998;75;150000
7500;2003;204;150000
2750;2005;75;80000
3250;2004;163;150000
1000;2000;0;150000
11999;2007;163;150000
1100;1998;149;150000
1200;1995;116;150000
9500;2007;0;90000
3333;2005;75;150000
2850;2001;50;150000
2999;1999;101;150000
1350;2004;60;150000
1999;2002;84;70000
2200;2004;69;70000
700;2001;0;150000
7000;2006;150;150000
3000;2017;109;150000
450;2000;102;150000
18790;2010;140;150000
500;1996;69;150000
250;1999;75;150000
0;2017;115;150000
10250;2009;110;125000
3500;2004;105;150000
3480;2008;68;80000
1650;1996;88;50000
4199;2004;140;150000
8900;2010;101;70000
0;2018;0;150000
1750;2001;82;150000
1250;2003;0;150000
15000;2007;160;90000
300;1998;0;150000
15000;2014;110;20000
799;2000;54;150000
7950;2011;143;150000
4200;2004;0;150000
6499;2006;75;150000
6000;1996;193;150000
1990;1999;82;150000
6900;2007;135;70000
800;1998;54;125000
12300;2009;190;150000
1150;2017;0;150000
7500;2005;90;125000
12999;2004;231;150000
5000;2000;150;150000
2300;2004;109;150000
1200;2016;64;150000
3000;1995;77;150000
999;1997;101;150000
2950;2007;54;150000
900;2004;0;150000
950;2001;60;70000
1650;2002;145;150000
4800;1996;102;150000
7200;2010;145;150000
1299;1999;45;150000
1929;2003;58;100000
5500;2011;90;125000
1600;2000;125;125000
5800;2018;122;150000
4200;2008;125;150000
350;1995;75;150000
5870;2008;150;20000
2950;2004;109;150000
699;2017;0;20000
11950;2006;160;70000
18300;2007;426;100000
1500;2017;0;150000
3950;2002;116;150000
360;1997;75;150000
5000;2007;150;150000
3700;2007;143;150000
6385;2005;147;100000
500;2000;60;150000
10500;2005;163;150000
60;1995;75;150000
2900;2010;0;80000
5450;1998;151;150000
8600;2007;177;150000
3050;2004;109;150000
3300;2002;97;100000
1250;2001;60;125000
17099;2009;0;150000
5800;2012;60;125000
9800;2007;0;150000
3350;2001;118;150000
3250;2004;101;150000
950;1997;101;150000
3399;2005;90;150000
500;1993;60;150000
800;1989;110;100000
9300;2001;122;150000
150;1994;0;150000
3990;2001;163;150000
11499;2013;110;90000
1200;1994;102;150000
2000;2004;75;125000
2600;2002;115;150000
2100;2000;144;150000
0;1994;0;70000
3700;2017;90;150000
9888;2008;122;150000
4799;2009;65;30000
19500;2012;184;150000
2300;2006;94;150000
4298;2006;140;150000
2400;2003;120;150000
15990;2013;140;50000
4900;2008;122;150000
6900;2008;116;90000
8950;2007;140;90000
1980;2001;143;150000
6800;2005;130;150000
4000;2004;136;125000
7900;2010;90;100000
15890;2011;0;50000
3450;2005;68;150000
2000;1999;101;150000
5999;1999;193;80000
4400;2009;69;100000
16500;2011;143;125000
3998;2001;204;150000
0;2001;0;150000
160;1998;0;150000
1500;1999;133;150000
600;2016;90;150000
550;1999;54;150000
5900;2004;116;125000
9990;2004;245;125000
2300;1998;150;150000
3300;1999;170;150000
6000;2007;0;150000
0;2004;101;150000
2950;1996;140;150000
3200;2008;86;90000
6999;2010;109;150000
3499;2002;131;150000
2799;2001;131;150000
225;2005;0;20000
5400;1997;190;90000
3100;2007;150;150000
1900;2002;131;150000
2000;2001;125;150000
4750;2008;105;150000
1200;1990;75;70000
699;2003;75;150000
9900;2003;220;125000
15500;2007;218;150000
5500;2004;143;125000
16600;2010;143;80000
850;2003;60;150000
12500;2011;105;30000
6790;2008;80;60000
750;2017;75;125000
4200;2005;95;125000
11500;2011;90;80000
2499;2002;147;150000
3599;2018;105;150000
3490;2002;116;150000
490;1998;101;150000
6200;1999;193;150000
13000;2010;170;150000
650;1997;101;150000
18900;2013;150;80000
1150;2005;0;150000
2200;1997;75;150000
950;1998;45;150000
400;1998;0;150000
5500;1987;113;150000
5372;2009;80;125000
500;1999;101;150000
5900;2007;143;150000
7100;2005;163;150000
180;2002;55;90000
600;1994;55;150000
2850;2000;90;150000
2000;1999;170;150000
1950;2002;60;150000
599;2000;54;150000
699;1997;75;150000
1499;1999;150;150000
2800;2005;54;150000
1750;2000;125;150000
0;1992;90;150000
450;2000;170;150000
6950;2009;122;150000
4250;2002;116;150000
650;1999;65;150000
500;2016;75;150000
15900;2008;0;70000
1100;1997;0;150000
0;1998;131;150000
7900;2010;105;125000
3100;2007;150;150000
950;1998;193;150000
3087;2005;140;150000
7500;2006;150;125000
0;1993;115;125000
6000;2009;140;125000
200;1993;122;150000
800;1999;170;150000
2400;2004;140;150000
3999;1992;174;125000
7000;2011;143;150000
1850;2004;179;150000
1000;2004;109;150000
5000;2005;140;150000
0;2000;75;150000
0;1999;101;150000
1899;2002;54;100000
950;1997;101;150000
1550;2003;0;150000
15300;2013;110;30000
4250;2001;150;150000
1500;2017;0;5000
15390;2009;140;150000
799;1996;101;150000
4900;2006;0;70000
17999;2012;235;80000
19499;2009;231;150000
500;1997;75;150000
1199;2001;147;150000
700;1997;90;150000
800;1994;90;150000
2222;1996;72;150000
1700;2002;0;150000
1050;2002;0;150000
2000;2000;193;150000
14900;2012;140;125000
1500;1995;102;150000
13490;2012;143;125000
1500;2005;192;150000
1400;2002;58;100000
6150;2009;90;100000
1000;2000;85;150000
2700;2003;75;150000
7590;2003;163;150000
0;2000;0;150000
600;2004;60;150000
1050;1998;90;150000
7950;2008;143;150000
3000;2000;116;150000
450;2010;0;40000
8350;2002;170;100000
0;1998;60;150000
14500;2015;101;10000
11500;2011;110;70000
800;2003;75;150000
5000;1988;95;125000
4000;2003;109;150000
850;1994;116;80000
5990;1991;98;150000
840;1976;34;10000
4000;2009;140;90000
6350;2010;82;70000
2990;2003;109;150000
1400;1997;150;150000
4700;1982;67;40000
6500;2005;80;125000
1000;1999;101;150000
9600;2012;163;40000
2400;2001;75;150000
150;1998;60;100000
5900;2008;101;80000
10400;2005;150;125000
555;1996;39;150000
3790;2001;200;150000
2900;2001;75;80000
2490;2002;101;150000
200;1990;90;150000
290;1993;40;150000
2000;2006;0;150000
5999;2017;98;70000
3300;2008;60;100000
1800;2001;163;150000
4890;1998;170;150000
4500;1980;69;70000
6999;2010;71;30000
0;2000;0;150000
2500;2000;179;150000
12500;1968;230;150000
4000;2010;90;150000
700;2000;207;150000
990;1993;99;125000
8499;2018;140;150000
475;2001;60;150000
1400;1995;170;150000
11500;2012;125;80000
4999;2001;0;100000
4300;2008;102;150000
6800;2007;105;80000
200;2002;0;90000
1750;1999;170;150000
5350;2008;69;50000
1450;1998;101;150000
10000;2008;204;150000
999;2005;60;150000
500;1997;60;150000
3500;2010;75;100000
2100;2002;75;150000
5500;2006;109;60000
500;1987;60;50000
4999;2006;0;150000
0;1995;0;5000
0;2002;0;150000
750;1989;120;150000
1200;2002;80;125000
1400;2002;58;150000
999;1994;125;150000
890;1996;60;150000
999;1999;150;150000
4999;2005;75;125000
2200;1999;116;150000
999;1998;45;125000
900;1995;124;150000
0;2001;170;150000
700;1999;58;150000
5999;2005;122;150000
3200;2007;0;150000
15599;2006;265;100000
8099;2007;177;150000
14990;2011;143;50000
2000;2000;101;80000
6200;1994;220;150000
350;1993;90;150000
6950;2008;122;125000
1490;1997;158;150000
7600;2005;193;100000
750;1998;90;150000
6200;2005;0;150000
3400;1990;95;150000
12300;2012;108;60000
1950;2001;0;150000
850;2016;45;125000
1250;1996;60;150000
3450;2008;61;50000
2950;2017;98;150000
1650;1999;150;150000
1499;1998;75;150000
6150;2009;77;60000
3450;2000;179;150000
2490;2001;115;150000
4650;2002;197;150000
1100;2000;56;150000
6495;2003;218;150000
2200;1999;115;150000
2750;2017;131;150000
13500;2006;192;80000
0;1999;82;150000
19999;2010;211;60000
0;2008;0;150000
2400;2004;0;150000
7999;2007;129;150000
650;2004;82;150000
6500;2011;163;150000
250;2016;98;150000
3400;2004;150;150000
1000;1998;90;150000
7400;2007;150;150000
1800;2003;75;150000
1900;1999;180;150000
400;1998;116;150000
2950;2004;64;150000
2000;1996;192;150000
6499;2009;155;125000
6999;2011;120;40000
649;1999;75;150000
270;1995;45;150000
15499;2011;170;150000
1399;1999;105;150000
500;1997;0;150000
3000;2008;140;5000
11000;2012;114;125000
500;1996;60;150000
1280;1998;90;150000
3399;2000;105;90000
5700;2017;0;100000
300;1997;150;150000
580;2000;55;125000
2750;2009;54;125000
550;1993;90;150000
5900;2007;177;150000
349;1997;54;150000
1500;1995;140;150000
5500;2006;136;150000
11500;2009;143;150000
7900;2007;0;90000
1400;1995;75;150000
3990;2003;163;150000
1000;1998;75;150000
2795;2002;61;70000
1250;1999;59;100000
8800;2007;224;150000
7199;2017;90;90000
2000;2003;130;150000
1150;2001;0;150000
15999;2006;340;125000
1450;1999;0;150000
6500;2007;110;60000
14500;2011;245;90000
13499;2006;224;150000
0;2015;0;5000
3200;2004;0;150000
1950;1996;170;150000
1199;2002;56;125000
3999;1998;102;150000
10749;2008;140;125000
480;1994;75;150000
3900;2012;90;50000
1675;2003;64;150000
3600;1988;113;150000
5450;2003;163;150000
999;1997;60;150000
250;2016;0;150000
0;1997;39;80000
650;1996;86;150000
2999;2002;97;150000
7300;2007;140;150000
2300;1994;190;70000
14900;2010;140;100000
0;1960;0;90000
1400;2002;58;150000
1200;1999;150;150000
5000;2004;90;100000
2100;2018;0;20000
999;1995;101;150000
8999;2005;218;125000
2200;1995;75;150000
0;1986;107;125000
180;1997;113;150000
19990;2015;150;20000
1950;2004;150;150000
2000;1993;0;125000
7777;2006;109;150000
950;1997;116;150000
1490;1992;136;150000
5200;2006;170;150000
4500;2006;150;125000
1999;2000;64;90000
2999;2000;224;150000
3500;2017;68;150000
5750;2009;105;150000
500;1996;75;150000
800;1995;75;150000
7400;2009;150;125000
9500;2010;80;30000
0;2016;0;150000
12000;2009;140;150000
400;1994;88;125000
3200;2008;68;70000
9850;2000;193;150000
10500;1994;150;100000
950;2016;125;150000
4000;1984;34;90000
1150;1998;58;150000
4800;2007;88;150000
300;1998;75;150000
1300;1999;101;150000
3100;1987;90;150000
7500;2010;90;100000
1550;2002;68;150000
750;1992;99;150000
6500;2014;101;150000
6900;2003;170;80000
1999;2002;102;150000
19490;2011;325;60000
0;1998;55;150000
3499;2001;75;5000
1199;1998;132;150000
1500;2000;50;150000
17900;2011;160;150000
1500;1998;75;150000
1500;1995;150;150000
1699;2003;101;150000
5999;2003;82;70000
2200;2005;141;125000
550;2010;80;40000
1100;1997;0;150000
6800;1999;279;150000
500;1994;45;90000
1999;2001;150;150000
8999;2003;306;150000
650;2000;122;40000
450;1996;102;150000
4999;1994;0;150000
2490;2017;75;150000
800;1999;150;150000
3350;2006;120;150000
9200;2005;177;150000
9000;2016;140;150000
1000;2004;51;125000
800;1997;54;40000
8000;1993;300;100000
4500;2006;131;150000
3350;2002;192;150000
3000;2003;125;150000
2650;1983;135;125000
2500;1997;193;150000
8499;2005;231;150000
680;1996;60;150000
1290;2000;60;150000
4490;2006;69;150000
5200;2012;68;125000
9987;2011;105;150000
5180;1998;102;150000
500;1990;109;150000
2500;1998;105;125000
14900;2003;163;150000
2600;2007;80;100000
3500;1994;231;150000
1390;2000;56;150000
850;1999;90;150000
7900;2007;140;150000
5750;2007;140;150000
2200;2000;115;150000
2599;1993;90;150000
1890;2000;116;150000
1100;2017;118;5000
2799;2004;64;125000
599;2002;0;150000
1111;1991;175;150000
1450;1998;118;150000
17300;2008;239;150000
4300;2005;140;150000
12000;2010;170;150000
1000;2016;75;150000
14800;2013;140;30000
4400;2008;71;40000
10950;2008;140;150000
1250;1998;54;100000
370;1995;60;150000
900;1997;0;150000
750;1997;54;5000
480;1999;100;150000
0;1993;150;150000
250;1997;0;150000
3500;1996;286;150000
350;1996;0;125000
0;2015;68;30000
4300;2003;192;150000
11600;2011;150;150000
1150;1994;136;150000
3500;1998;125;150000
1449;1990;109;150000
750;1996;60;150000
3300;2008;0;150000
2500;2003;105;150000
1000;1999;130;150000
9900;2007;143;70000
1350;1999;90;150000
1800;1998;143;5000
2500;2005;90;125000
2100;2000;192;150000
4200;2005;101;150000
11499;2008;235;150000
0;1997;193;150000
1350;2001;101;150000
14799;2005;218;150000
3999;1996;150;150000
4500;2008;82;100000
2350;1999;125;150000
300;1995;71;100000
2599;2006;67;125000
1199;2001;63;150000
1650;2001;170;150000
970;1997;60;150000
5999;2009;80;125000
18300;2011;136;60000
1500;2005;0;125000
1290;2003;75;125000
5500;2000;151;150000
2500;2003;163;125000
14000;2008;170;125000
8000;2005;200;150000
950;1997;75;150000
4650;2008;140;90000
2000;2005;80;150000
900;1995;54;150000
7800;2007;184;125000
7500;2006;116;90000
550;1996;90;150000
3850;2003;131;30000
500;2005;110;150000
1600;2000;101;150000
199;1997;75;150000
4999;2006;150;150000
8700;2016;95;150000
3200;2006;131;150000
1250;1999;60;150000
500;1994;170;150000
899;2017;102;150000
2300;2005;224;150000
1700;1990;75;150000
1000;1998;0;150000
13900;2011;0;100000
6950;2017;90;30000
2800;1998;102;150000
635;1993;115;150000
6990;2009;125;125000
13900;2004;231;125000
3999;2003;180;150000
8580;2009;90;80000
1890;2004;61;100000
300;1997;131;150000
0;1998;90;150000
2899;2005;95;125000
300;1999;0;150000
1300;1998;0;150000
1300;1998;75;150000
6500;2003;163;150000
580;1994;75;150000
3850;2006;55;125000
4850;2003;204;150000
4990;2016;0;150000
1249;1998;101;150000
4999;2001;279;150000
1250;1992;0;150000
1200;1996;90;150000
5000;1999;300;150000
750;1998;101;150000
1400;2002;75;150000
0;2001;113;150000
1050;2002;59;150000
17850;2012;160;30000
17000;1966;193;70000
1850;2001;170;150000
4200;2004;150;150000
5000;2005;177;150000
12500;2007;355;150000
4400;2004;90;150000
369;1996;50;125000
890;2000;50;150000
1280;2000;60;150000
4400;1972;170;150000
2000;2002;131;150000
18490;2007;265;80000
7200;1972;44;100000
995;1988;55;150000
950;1992;112;150000
1999;2003;131;150000
1890;2000;0;150000
3800;2010;68;150000
1150;1999;0;150000
850;2017;0;150000
1;1997;0;150000
9200;2008;232;150000
2250;2017;60;125000
750;1998;150;150000
4700;2006;0;150000
800;2003;150;150000
11900;2008;125;70000
1490;2017;72;150000
10500;2010;109;70000
9500;2005;333;150000
1990;2002;58;125000
4900;2003;170;100000
2000;2002;0;150000
2300;2005;101;150000
990;2003;133;150000
11500;2011;125;50000
14900;2007;258;150000
18600;2013;184;40000
2500;2005;131;150000
6200;2001;231;150000
12480;2013;90;60000
4299;2010;68;70000
7300;2011;99;60000
1599;2000;122;150000
9900;2011;105;90000
8000;2000;0;150000
1250;2001;75;150000
150;1996;55;100000
2799;2004;140;150000
650;1997;75;150000
3400;2009;116;150000
2950;1998;101;70000
2000;1999;102;150000
5450;2001;130;150000
200;1998;45;150000
5500;1998;230;150000
1800;2002;192;150000
1900;2001;84;150000
5000;2005;102;150000
3900;2008;75;125000
8500;2011;0;60000
17200;2009;239;150000
4499;2009;109;125000
4899;2008;80;100000
1500;1980;109;150000
1890;2003;55;150000
350;1996;60;150000
1799;2003;84;150000
3499;2005;75;150000
19900;2005;272;125000
2800;2017;109;150000
750;2005;90;150000
700;2002;64;125000
8500;2011;136;150000
1300;2000;156;150000
9800;2003;231;150000
1999;2001;170;150000
14500;1984;156;125000
1000;2002;116;150000
3950;2004;105;150000
1300;1997;116;150000
2990;2004;54;150000
7000;2004;170;150000
3500;2016;102;150000
9800;2008;122;90000
750;2000;90;150000
0;2005;163;150000
1250;1997;60;150000
600;1996;0;150000
6900;2005;163;150000
14500;2010;160;125000
2900;1998;116;150000
1800;1992;0;150000
3990;2005;58;100000
47;1999;193;125000
10200;2007;140;150000
599;1993;75;150000
850;2000;0;150000
850;1997;102;150000
5000;2010;87;100000
4250;2005;0;90000
11000;2007;140;150000
4699;2005;150;150000
250;1995;0;150000
2800;1997;90;150000
140;1999;58;150000
300;2001;100;150000
3200;2001;116;150000
11000;2006;164;80000
5300;2006;140;150000
5000;2007;100;80000
9900;2004;344;150000
0;1998;109;150000
5500;2006;105;125000
390;1996;54;150000
6800;2009;60;40000
2090;2004;109;150000
9000;2007;170;150000
1600;2017;0;5000
14975;2008;197;150000
4600;2005;131;150000
1300;1997;0;150000
3500;2006;64;125000
1990;2005;101;125000
5990;1995;122;150000
6000;2011;105;150000
800;1993;74;150000
2500;2003;0;150000
2200;2001;109;150000
750;1998;125;5000
5600;2007;80;125000
6300;2003;177;150000
1499;1999;77;5000
1950;2003;101;5000
8850;2006;170;90000
7700;2008;140;5000
1499;2001;143;150000
5000;2009;60;125000
3899;2002;100;125000
1850;2007;95;125000
12500;2007;170;150000
2999;2008;150;150000
900;2001;102;150000
2800;1999;97;5000
250;1997;75;125000
12750;2010;140;150000
8490;2008;175;150000
13;1997;45;150000
4600;2009;106;150000
7900;2005;163;150000
250;1996;75;150000
999;2016;75;150000
980;1997;90;150000
750;2000;0;150000
2650;2001;107;125000
1300;1995;150;100000
199;2000;75;150000
1450;2017;60;90000
2222;2004;97;150000
6000;2006;95;90000
14500;2012;156;50000
11400;2010;143;125000
1;2003;307;5000
3333;1997;150;150000
3100;2005;116;150000
0;1995;0;5000
1750;2001;75;150000
17000;2010;170;125000
12999;2009;190;150000
1700;2002;60;150000
2000;2000;107;150000
3400;2002;150;150000
450;1994;85;150000
11200;2009;160;150000
16450;2008;239;150000
1500;2006;68;150000
3950;2004;65;150000
1200;2017;75;150000
2500;2004;125;150000
750;2000;0;150000
14500;2005;272;150000
1500;1994;75;150000
3800;2000;163;125000
1780;2000;64;150000
2500;2004;61;100000
9500;1970;60;5000
7300;2005;0;150000
5999;2009;105;150000
1980;2004;81;80000
5999;2006;101;150000
810;1994;192;150000
999;1999;60;150000
1399;2005;75;150000
1200;2005;61;125000
13990;2012;143;70000
3100;2003;60;100000
300;2017;0;150000
500;1999;0;150000
3499;2002;110;150000
1799;2018;0;150000
5800;2007;174;80000
4600;2003;193;150000
3699;2005;101;150000
555;2000;60;150000
1050;1999;101;150000
3000;1989;95;125000
6300;2004;102;125000
6800;2001;250;125000
3300;2003;116;150000
2350;2007;80;150000
999;2003;50;150000
9777;2010;109;150000
1600;1997;131;150000
19599;2011;184;60000
13750;2007;140;90000
7000;2007;179;150000
2000;1998;101;150000
8900;2013;87;40000
1350;1992;116;150000
500;2017;100;150000
1250;2000;0;150000
250;1998;54;150000
15000;2014;114;60000
13900;2011;143;150000
1150;1996;101;150000
600;1999;101;150000
7400;2004;177;150000
600;1996;90;150000
0;2013;70;50000
7900;2007;150;5000
800;1999;190;150000
599;2018;599;150000
19200;2011;143;40000
5980;2009;110;150000
100;1994;52;150000
1400;2003;133;150000
600;1995;75;150000
4600;2004;125;125000
2990;2003;110;150000
15600;2010;231;150000
899;2003;84;150000
699;1998;60;90000
0;1994;140;150000
1000;2000;75;150000
4699;2007;102;150000
1900;2006;75;150000
4900;2001;116;125000
1;1987;0;150000
12500;2010;105;90000
2650;2003;136;150000
13800;2012;122;30000
4290;2004;110;100000
6500;2005;140;150000
10400;2009;116;125000
1000;2003;103;150000
700;1997;0;150000
190;1961;82;50000
5999;2005;115;150000
550;1991;75;150000
2950;1990;58;90000
600;1999;88;150000
1440;1998;101;150000
1190;1998;68;150000
800;2017;60;150000
4400;2010;90;150000
4200;2007;87;150000
500;2000;136;150000
1350;1999;110;150000
700;2001;0;150000
7599;2003;231;150000
1600;1998;170;150000
7300;2005;140;100000
9900;2012;86;40000
7700;2007;0;90000
4499;1998;150;150000
11500;2010;105;100000
350;1990;0;150000
7000;2004;231;150000
1250;2000;54;150000
1950;2000;80;125000
2890;2002;0;90000
1599;2016;0;150000
3400;2009;61;70000
4900;2009;86;125000
8900;1990;170;150000
2500;2000;0;100000
1790;2001;120;150000
500;1997;113;150000
1100;2000;60;150000
15400;2010;170;40000
6900;2017;170;150000
4650;2008;80;125000
590;2016;0;150000
2250;2006;79;150000
749;2017;75;150000
600;2016;0;150000
450;2000;0;150000
18500;2012;170;50000
1000;1998;150;150000
12300;2008;143;150000
1499;1999;65;125000
2800;2001;230;150000
800;2000;60;150000
4000;2005;140;150000
1999;2001;146;150000
1400;2002;41;150000
0;2008;190;150000
6750;2008;126;150000
2250;2008;121;150000
2500;1997;131;150000
2850;2001;122;150000
11300;2004;131;150000
7500;2005;125;60000
550;2017;60;150000
1999;2000;136;150000
9450;2002;192;80000
5000;1990;0;150000
2200;2003;102;150000
1350;1999;0;150000
15600;2010;184;150000
5200;2018;170;150000
850;1999;0;150000
12998;2013;140;60000
2500;2005;120;150000
1650;1990;179;150000
3249;2000;116;150000
15000;2010;179;125000
1699;1999;0;150000
4799;2001;170;150000
1550;2003;144;150000
3800;2005;109;150000
1500;2017;50;125000
6600;2009;82;30000
1900;1999;75;150000
3500;2004;110;150000
3100;2005;125;125000
3498;2006;136;150000
1300;1999;100;150000
2300;2000;150;150000
1490;1998;101;90000
1590;1996;136;150000
150;1996;0;150000
0;1993;90;150000
950;1997;60;150000
4750;2002;147;100000
2950;2004;116;150000
950;2000;0;150000
6999;2003;102;150000
1200;2005;0;150000
4299;2000;0;150000
159;2000;0;150000
12600;2005;177;150000
2900;2007;150;150000
750;1998;150;150000
400;1998;115;150000
550;2016;50;150000
2100;2003;60;60000
1900;2001;125;150000
4749;2007;109;150000
3499;2004;77;150000
600;1997;54;150000
350;2000;75;125000
600;1998;170;150000
2950;2009;75;90000
5900;2001;170;150000
1850;1998;218;150000
4099;2004;150;150000
2600;2017;90;150000
2999;2000;145;150000
5199;2005;193;150000
6200;2008;75;125000
3200;2001;116;150000
1390;1991;109;150000
1600;2003;136;150000
7500;2003;193;150000
3500;2005;87;125000
2100;2004;106;150000
4250;2002;140;125000
1199;2002;90;150000
199;1998;90;125000
4350;2016;103;150000
14900;2003;306;150000
15500;2008;170;60000
2890;2002;114;125000
1299;2006;69;125000
200;2000;0;150000
3500;2000;143;150000
7800;1992;0;150000
1299;1998;0;150000
799;1996;45;125000
650;1994;60;150000
500;1995;0;150000
700;1996;90;150000
8350;2008;143;150000
1000;1999;50;80000
700;1994;48;125000
0;1999;115;150000
2200;2003;110;150000
15500;2006;300;60000
13500;2005;140;125000
7550;2008;136;150000
1695;1997;101;150000
500;2005;116;150000
8699;1996;102;150000
13300;1990;279;150000
7000;2007;140;80000
0;2006;90;150000
6000;1992;190;150000
1900;1999;75;125000
699;2018;0;150000
500;2001;60;150000
2300;2004;0;150000
4950;2006;140;150000
799;2002;90;150000
6950;2010;125;150000
8950;2013;114;100000
4499;2012;61;80000
890;2001;0;125000
6850;2017;105;80000
11490;2011;105;90000
1250;2001;50;150000
100;1998;0;150000
900;1999;115;150000
250;1996;105;150000
10500;1967;0;5000
6250;1999;222;125000
1700;2003;65;150000
1550;2005;75;150000
3500;2000;193;150000
1200;1999;54;150000
9250;2011;126;150000
400;1995;0;150000
8500;2010;101;40000
13000;2014;69;10000
6000;2007;120;150000
3500;2004;105;150000
5300;2004;136;150000
13750;2008;241;100000
3200;2011;75;150000
4250;2007;101;150000
4999;2004;102;150000
1500;2003;0;150000
3400;2006;95;150000
19800;1975;73;150000
9800;2005;224;150000
4190;2004;75;150000
900;1997;60;50000
500;1998;0;150000
14900;2008;218;150000
1250;2000;109;150000
2550;2001;131;150000
4800;2003;163;150000
10999;2010;170;70000
1700;2004;80;125000
200;1996;45;150000
899;1997;58;150000
11350;2010;107;30000
3750;1986;77;150000
2500;1998;150;150000
1150;1995;116;150000
1700;1999;75;150000
2000;2003;60;150000
120;1998;74;150000
2250;1999;116;125000
200;1989;0;150000
300;1994;90;150000
200;1995;125;150000
1899;2003;60;150000
3999;2003;109;100000
3500;1991;179;125000
55;2010;0;5000
850;2003;101;150000
13490;2012;179;40000
13750;2009;143;60000
800;1994;116;150000
1000;1999;101;150000
1600;2001;129;125000
190;1998;55;80000
16500;2013;105;20000
350;1994;45;150000
2999;2007;68;150000
3100;2006;0;125000
17500;2015;150;20000
7450;2008;86;70000
13000;2008;232;150000
12000;2007;190;150000
18000;2008;231;60000
1200;2004;60;150000
12500;2010;170;150000
4899;2007;70;150000
8000;2004;204;150000
799;1993;39;150000
17899;2011;140;150000
700;1999;150;150000
0;1998;0;150000
3499;2001;106;150000
2700;2000;102;150000
0;1998;116;150000
9500;2006;177;150000
100;1976;26;80000
4750;2011;75;80000
3300;2001;131;150000
9000;2006;177;150000
5000;2007;103;150000
0;2005;197;150000
250;1997;136;150000
2500;2003;101;150000
1550;1994;150;150000
6400;2011;105;80000
7600;2008;140;150000
500;1992;45;150000
2450;2005;65;150000
8300;2006;0;150000
4500;2003;150;150000
699;1999;75;150000
3200;2005;136;150000
1900;1999;102;125000
4499;2001;179;150000
5550;2017;110;150000
9999;2008;143;150000
500;1995;102;150000
19999;2010;190;30000
1200;1997;102;150000
2000;2018;150;150000
2399;1997;0;150000
250;2001;110;150000
300;1990;0;150000
3750;1999;170;150000
700;2016;0;150000
3900;1998;200;150000
1990;1989;121;150000
6690;2002;180;150000
3999;2004;90;60000
255;2000;0;150000
11500;2008;175;150000
9790;2012;160;150000
6200;2006;150;150000
1200;2004;103;90000
6500;2005;0;5000
2200;2001;146;150000
13890;2014;90;40000
3900;1991;211;150000
1;2016;107;5000
14500;2010;211;100000
1700;2004;250;150000
500;2016;75;150000
2500;2001;110;150000
6699;2003;170;150000
1180;1996;101;150000
5990;2011;60;80000
590;1994;45;125000
700;2002;0;150000
8900;2007;140;150000
6850;2008;102;150000
1350;1995;75;150000
4500;2007;80;150000
6800;2009;120;125000
950;2016;0;150000
6000;2010;109;150000
8700;2010;86;90000
4199;2002;131;150000
3200;2003;82;125000
5000;2009;80;60000
11500;2010;75;70000
10750;2012;140;70000
200;1996;59;100000
1299;2004;136;150000
550;2017;0;150000
400;1995;80;150000
750;1996;125;150000
1149;2002;75;5000
2200;2005;69;100000
14500;2013;105;30000
2950;2003;97;70000
6800;2004;211;80000
850;1990;0;150000
0;2011;90;125000
850;1999;54;100000
6500;2013;68;30000
1000;2016;90;80000
9400;2011;110;100000
2200;2004;80;125000
950;1996;54;150000
18700;2017;140;50000
1899;2001;141;150000
3450;2003;179;150000
4650;2011;86;150000
500;2016;60;150000
3250;2000;75;150000
700;2016;211;150000
3999;2005;177;150000
1400;2003;60;125000
750;2016;175;150000
1000;2004;75;125000
1200;1985;129;150000
2500;1976;60;150000
1100;1997;75;80000
4800;2002;192;150000
5600;2006;140;150000
4600;2010;133;125000
2800;2003;179;150000
250;1992;45;80000
1500;2003;102;150000
500;1997;75;150000
750;1992;57;125000
11200;2007;192;150000
499;2002;102;150000
4500;2008;75;70000
8798;2004;222;150000
2800;2001;129;150000
10450;2011;0;125000
990;1999;103;125000
13000;2010;190;150000
8200;2010;105;100000
350;1988;75;5000
6800;2002;163;125000
10400;2006;190;150000
2800;2002;150;150000
2050;1997;102;150000
2500;2001;101;125000
2900;2008;111;150000
6200;2009;170;150000
1499;2000;101;150000
3000;2003;0;125000
800;2000;0;150000
1450;2001;60;150000
2500;2011;68;40000
14990;2005;258;150000
7099;2010;90;150000
200;1992;90;150000
2200;2001;116;150000
900;1999;0;150000
900;1997;185;150000
570;1999;180;150000
9500;2009;140;125000
12350;2013;105;40000
1650;2005;60;150000
888;2002;60;150000
10550;1999;379;40000
11500;2010;72;70000
3499;2007;60;125000
850;2003;170;150000
4100;2006;90;150000
9750;2006;126;30000
10950;2010;86;40000
1350;2002;145;150000
3200;2002;150;150000
1;1959;325;10000
2999;2003;109;150000
10950;2007;150;150000
500;1999;0;150000
4999;2006;145;150000
16990;2000;300;150000
3790;2006;125;150000
10800;2010;170;150000
1999;1999;102;150000
15700;2008;239;150000
2999;2000;122;150000
6900;2004;224;150000
6000;2011;80;60000
999;1997;101;150000
1950;2018;0;150000
2500;1992;0;150000
1200;2000;95;150000
1900;1999;98;125000
5500;2002;131;150000
600;1994;60;100000
2240;1991;79;125000
2950;2000;116;150000
650;1998;170;150000
17990;2014;122;30000
2290;2004;82;150000
5200;2002;220;150000
80;1992;45;150000
1150;2002;102;150000
1250;2006;46;150000
0;2000;0;150000
13999;1995;150;150000
1800;1995;90;70000
6999;2010;61;30000
3500;2009;67;80000
6499;2005;122;150000
1990;1998;184;150000
17490;2013;150;50000
1200;2003;91;150000
1399;1999;75;150000
6000;2012;102;150000
7390;2005;231;150000
2250;2002;125;150000
8500;2004;218;150000
2000;1970;0;150000
6500;2007;140;150000
1400;1998;150;150000
500;1999;58;150000
9700;2011;86;30000
9450;2010;110;150000
990;1999;101;150000
0;1991;40;50000
8950;2007;0;100000
2600;2002;105;150000
4980;2008;105;150000
15900;2008;177;150000
2200;1999;143;150000
4990;2009;77;100000
4900;2007;86;70000
899;1996;60;150000
11490;2007;116;80000
17999;2009;204;20000
2299;1998;105;125000
500;2005;0;100000
1290;1999;58;150000
99;2000;0;150000
550;1996;90;150000
4950;2006;75;100000
2400;1997;125;150000
4999;2007;140;125000
10400;2009;143;125000
6200;2008;140;125000
1950;2018;101;150000
750;1996;0;150000
5600;2005;140;150000
219;2017;90;90000
2300;2005;101;150000
5650;2005;184;150000
4550;2005;158;150000
8199;2007;192;80000
3800;2017;115;150000
850;1998;171;150000
1500;2017;75;100000
1250;2003;60;150000
6050;2005;150;150000
1500;1997;170;150000
11499;2010;140;100000
1499;2002;0;150000
799;2001;75;125000
849;2016;90;150000
11000;2004;177;70000
1000;2000;0;150000
3000;1993;98;150000
11000;1979;0;125000
799;1994;122;125000
5200;2010;77;40000
7000;2009;145;100000
4600;2002;131;150000
1100;1997;60;125000
3500;2005;179;150000
12950;2009;177;125000
2500;2008;140;150000
7000;2006;231;150000
7999;2006;102;125000
380;2003;125;150000
1450;2002;60;100000
600;1999;58;150000
4600;2008;0;125000
4150;2003;155;150000
2600;2000;170;150000
6995;2006;116;90000
4799;2009;71;70000
2990;2005;109;150000
200;1995;45;150000
9975;2012;105;60000
5950;2002;179;150000
1100;2017;140;150000
2350;2003;64;150000
1350;2003;177;150000
7999;2009;109;150000
1999;2004;75;150000
500;1998;0;150000
999;2000;50;125000
5000;2008;224;150000
19900;2013;110;30000
700;2017;90;150000
11850;2005;163;150000
1700;2003;82;150000
1795;1999;131;150000
750;2017;45;150000
4200;2009;0;125000
2000;2009;76;40000
10700;2007;0;150000
599;1999;125;150000
2650;2003;101;150000
950;1998;136;150000
3600;2003;109;150000
9500;2009;143;70000
15500;2015;120;5000
650;1993;113;125000
10990;2008;140;80000
12000;2011;105;125000
11990;2008;204;150000
490;1996;75;150000
2990;2009;65;70000
6399;2006;105;150000
4400;2000;193;150000
999;2000;58;150000
200;2000;60;150000
0;1996;0;100000
2990;2016;179;150000
4250;2008;71;50000
480;2000;50;150000
150;2000;75;150000
200;1990;69;150000
2950;2001;170;150000
2750;2006;140;150000
1699;2003;54;150000
2300;2006;90;150000
1800;1999;0;125000
80;1997;0;5000
1500;1999;125;150000
500;1996;60;90000
17250;2009;177;80000
7000;2000;286;150000
1350;1999;60;90000
499;2000;75;150000
10500;2008;105;150000
1999;2007;75;150000
600;1996;60;150000
5950;2000;174;150000
2600;1999;170;150000
350;1996;90;150000
1450;1995;65;150000
3350;2002;170;150000
325;1995;75;150000
18350;2014;220;20000
0;9999;0;10000
4200;2006;170;150000
7899;2012;105;125000
10880;2005;272;150000
6300;2006;80;70000
700;1999;105;150000
3100;2005;75;90000
6500;2005;109;150000
1600;1997;122;150000
14900;2010;143;125000
3850;2002;145;150000
500;1997;101;150000
4600;2009;69;80000
4450;2007;84;100000
600;1998;0;125000
650;1987;90;150000
14999;2011;150;100000
900;2003;75;150000
1250;1999;75;150000
8200;2017;84;40000
0;2005;90;5000
700;1997;140;150000
17800;2013;131;80000
13499;2009;143;90000
7500;2008;150;125000
7200;2008;95;60000
1299;1999;0;150000
350;1998;45;150000
2390;2016;235;150000
5650;2008;80;125000
6000;2005;140;150000
3250;2004;163;150000
5750;2008;95;40000
13500;2006;204;125000
2299;2005;101;150000
200;1994;45;125000
1699;2003;55;150000
5950;2005;140;150000
890;1999;0;150000
4199;2002;131;150000
1450;1998;75;90000
1799;1999;193;150000
1150;1997;101;150000
6999;1990;121;50000
16700;2008;239;150000
4150;2005;105;20000
16350;2007;224;150000
4600;2006;102;150000
300;2000;80;150000
3200;2016;118;150000
650;1999;101;150000
3750;2006;101;150000
5000;2004;147;150000
350;2000;103;100000
0;1998;0;150000
500;2000;0;150000
6499;1998;354;150000
1599;2002;50;150000
1899;2016;75;150000
10895;2011;179;90000
3000;2005;65;125000
15050;2009;143;150000
7200;2010;101;125000
500;1996;0;150000
550;1997;136;150000
16900;2008;235;150000
3999;1993;60;150000
1900;2017;110;10000
15000;2018;122;70000
2300;2004;128;150000
11600;2013;141;100000
3000;2006;101;150000
2000;1990;0;150000
2450;2000;118;150000
450;1997;60;150000
8900;2009;75;50000
13990;2012;86;50000
2190;2017;101;150000
2400;2001;231;150000
300;1991;64;100000
800;1997;60;125000
1990;2002;101;150000
1090;1990;69;150000
3950;2005;150;150000
300;1997;75;125000
1350;2002;63;150000
1750;2017;125;150000
1800;2000;75;150000
2500;2002;0;150000
1;1990;0;150000
8500;2006;175;125000
5150;2004;140;150000
2990;2005;60;100000
250;1996;44;150000
1799;2000;170;150000
3000;2005;0;150000
5850;2006;140;100000
10500;1969;95;150000
850;1997;68;100000
3800;2005;54;90000
0;1995;0;5000
6450;2012;71;30000
999;1988;50;80000
4700;2010;60;40000
1399;2000;116;150000
250;1988;75;150000
13900;1987;190;150000
750;1999;103;100000
1850;2001;131;150000
2200;2001;50;125000
700;1997;150;150000
850;1999;60;150000
5500;2006;102;150000
16900;2008;200;70000
4950;2008;68;30000
10800;2008;175;150000
0;1994;150;150000
199;1998;40;150000
12499;2008;204;150000
600;1995;0;150000
299;1998;44;70000
350;1996;50;150000
8000;2008;102;125000
10000;2004;192;125000
3500;2003;102;150000
1450;1998;0;70000
12800;2009;201;70000
7950;2009;116;60000
4700;1971;90;125000
4900;2001;170;150000
2250;2018;62;70000
149;1997;75;150000
850;2001;90;150000
10900;1994;193;150000
2999;2001;88;150000
1200;2003;98;150000
3300;2007;75;70000
2500;1998;136;150000
19999;2009;305;150000
8200;2008;224;100000
12999;2001;231;150000
8500;2005;215;150000
4800;2001;310;150000
2700;2017;125;150000
1350;1999;0;150000
1500;1998;0;5000
850;1996;90;150000
4760;2010;69;80000
3200;2002;204;150000
16500;2011;204;150000
12999;2008;235;150000
5999;2007;109;150000
1550;2004;75;60000
6000;2010;70;50000
3300;2002;110;125000
2300;2001;75;125000
9900;2010;122;90000
1650;1995;90;150000
8750;2007;140;150000
8499;2013;84;20000
1250;2001;108;150000
949;2001;75;150000
1150;1998;82;150000
5900;2000;118;150000
9999;2007;0;150000
1250;1998;125;150000
7250;1972;18;100000
6350;2010;87;40000
5700;2010;69;70000
9500;2006;115;100000
660;2002;60;150000
2000;1998;125;30000
6400;2005;105;150000
25;2005;0;5000
1100;2000;101;150000
1500;2000;75;150000
2800;2007;101;150000
200;2005;135;150000
1350;2002;0;30000
3700;2008;0;125000
9500;2009;260;125000
1999;2002;90;150000
11490;2014;86;40000
1600;1999;101;150000
10390;2006;150;150000
15000;2009;150;60000
850;1998;54;150000
1100;2001;0;125000
4800;2007;70;90000
1199;1998;90;150000
1200;2000;0;150000
150;1995;60;150000
1250;2001;101;150000
8500;2016;280;150000
6500;2017;86;60000
2300;2002;0;125000
4390;2006;109;150000
6500;2005;150;150000
2400;2018;100;150000
900;1996;75;150000
1500;1978;0;150000
3400;2001;41;150000
2500;2005;70;150000
3990;2009;80;125000
300;1999;115;150000
2200;2002;45;150000
950;1996;60;150000
3490;2006;120;150000
1111;1995;150;150000
350;2005;75;150000
300;2000;0;150000
11450;2008;120;80000
0;2002;120;150000
10400;2008;90;80000
0;1995;116;150000
1600;2004;120;150000
1890;1996;45;80000
8999;2011;120;70000
2000;1996;193;150000
4990;2011;125;150000
2100;1999;136;150000
6300;2012;0;30000
3300;2007;0;150000
0;1997;75;150000
10500;2008;170;150000
800;1996;150;150000
12499;2011;105;60000
8800;2008;140;150000
1500;2000;122;150000
1850;2001;58;125000
0;2005;0;10000
5900;2018;0;150000
12475;2001;220;150000
1900;2000;100;125000
650;2002;131;150000
1900;2000;165;150000
2200;2003;0;150000
11500;2008;143;125000
249;1999;155;150000
11999;2010;116;60000
4700;2008;150;150000
3500;2001;136;150000
6300;2007;140;150000
750;1994;75;125000
11990;2016;140;150000
16900;2002;306;150000
200;1998;170;150000
11111;2009;122;90000
6500;2007;170;150000
850;1995;88;150000
0;2000;0;5000
3590;2006;88;150000
15900;2014;105;60000
1200;2001;118;150000
1000;2003;95;150000
7900;2007;143;150000
150;1996;60;150000
5900;2005;105;150000
4200;2005;136;125000
0;2016;101;150000
290;2000;60;150000
8690;2007;75;70000
4750;2005;111;125000
1390;2003;58;150000
1900;2001;100;150000
850;2005;131;150000
12999;2004;231;100000
18000;1956;30;150000
4980;2005;150;150000
700;1999;174;150000
15200;2010;231;150000
4700;1972;45;125000
8790;2010;80;80000
2200;2000;75;150000
650;1989;72;150000
2450;1996;299;150000
1200;1995;136;150000
10490;2003;306;150000
5500;2010;82;125000
2777;2002;101;150000
3990;2017;60;80000
1650;1999;75;150000
1100;1998;54;150000
180;1995;0;150000
1500;2000;55;150000
9500;2004;184;150000
0;1995;999;5000
850;1996;90;150000
8300;2005;150;150000
1890;2003;54;125000
9700;2010;125;100000
4500;2004;140;150000
4500;2006;61;60000
4900;1988;170;150000
950;2001;0;150000
150;2005;100;150000
950;2000;110;150000
1100;2003;103;150000
2900;1995;101;150000
6900;2011;140;150000
2500;2000;140;150000
850;1999;54;150000
8500;2012;95;80000
8400;1998;140;150000
900;2002;215;150000
299;2016;90;150000
17600;2014;125;20000
3300;1998;68;150000
10400;2003;192;125000
3990;2005;90;125000
1950;2003;110;150000
6800;2003;0;150000
500;1996;111;150000
16990;2015;125;20000
999;1996;0;150000
1500;1997;279;150000
5000;2001;163;150000
0;2005;0;100000
3600;2000;150;150000
12000;2011;116;90000
2500;2003;41;125000
900;2001;131;150000
12500;2009;136;90000
2500;2000;170;150000
549;1996;115;150000
13200;2014;95;20000
800;1999;75;150000
9500;2010;116;80000
0;1995;55;60000
2500;1999;140;150000
18149;2010;204;150000
750;2018;0;150000
18990;2013;160;60000
900;1998;54;100000
11000;1990;69;150000
1450;2002;125;150000
10300;2006;170;125000
400;1992;75;150000
9000;2008;122;80000
1899;2005;65;150000
3100;2001;110;150000
10000;2013;184;60000
1350;1999;90;150000
1000;2002;0;150000
7250;2010;116;150000
350;2017;116;150000
450;1998;50;150000
699;1999;101;150000
7999;2012;86;50000
3000;2000;279;150000
7850;2006;116;125000
7450;2005;136;60000
500;1993;75;150000
2299;2008;90;100000
1200;2003;130;150000
14220;2012;114;50000
1500;2000;75;150000
3300;2003;41;90000
1750;2000;122;150000
6690;2005;116;40000
1700;2007;0;150000
3500;2003;143;150000
500;1991;90;20000
250;1998;54;150000
19600;2010;204;125000
13250;2010;239;150000
13299;2006;218;125000
499;1997;0;125000
4002;2008;140;150000
2200;1998;102;150000
490;1999;45;150000
1499;1998;194;150000
13950;2011;105;50000
13000;2008;177;125000
9890;2006;218;150000
6499;2002;177;150000
900;1999;106;150000
2100;2000;75;150000
1250;1998;75;90000
1200;1992;115;150000
2600;2005;63;125000
2900;1999;101;150000
4400;2001;75;150000
5900;2011;69;30000
1000;2002;100;150000
1980;1999;0;150000
650;1995;101;150000
1800;2004;120;150000
4850;2017;0;150000
1950;2005;60;125000
8800;2011;140;150000
9400;2013;54;70000
5950;2011;144;90000
3900;2006;109;125000
1200;1998;118;150000
4400;2002;136;150000
1111;1998;110;150000
150;1997;72;150000
5400;1977;60;150000
5400;2005;105;150000
0;2001;60;150000
10000;1998;0;150000
500;2016;0;150000
2750;1996;150;150000
9500;1993;220;150000
12000;2011;105;125000
800;1997;75;150000
6500;2011;60;60000
4900;2000;256;150000
10990;2010;109;125000
3650;2001;75;60000
600;1997;60;150000
1950;2002;95;150000
1750;2005;121;150000
85;2000;0;150000
11500;2008;224;150000
3500;2004;163;150000
1750;2004;69;150000
15650;2007;163;80000
3899;2006;131;150000
750;1987;50;150000
10990;2004;218;150000
1790;2004;0;150000
14500;2008;143;125000
10900;2005;163;125000
7800;2009;80;80000
8750;2007;231;150000
4300;2007;123;150000
2850;2003;163;150000
2450;2002;145;150000
1800;2004;58;150000
2550;2005;0;150000
4199;1985;77;150000
899;1998;75;100000
5900;2007;170;150000
300;1996;0;150000
18900;2010;239;125000
999;2017;0;150000
150;1995;60;150000
11200;2010;105;100000
1850;1996;110;150000
3240;2004;109;150000
6750;2005;116;150000
1499;1995;54;150000
8000;1972;34;150000
3250;2006;140;150000
3500;2008;111;150000
4500;2009;106;150000
950;2002;107;150000
4900;2010;120;150000
12200;2008;140;90000
2690;2004;101;125000
3600;2007;108;150000
5950;2005;116;150000
4999;2006;140;150000
1650;2003;54;150000
16000;2010;211;70000
4200;2009;58;50000
1150;1999;75;150000
3299;1998;100;125000
3499;2007;150;150000
1500;2005;63;125000
1500;2005;69;150000
400;1995;45;150000
1950;2002;102;150000
8800;2005;224;150000
3999;1987;107;150000
3900;2003;203;150000
4500;2018;105;150000
2000;2000;0;90000
5950;2008;80;50000
799;1998;115;150000
13800;2007;265;150000
650;1999;136;150000
3600;2004;105;150000
5350;2006;88;150000
1900;1999;131;150000
2400;2004;140;150000
4150;2004;124;150000
1;1995;122;150000
8700;2005;163;150000
2850;2005;100;125000
13995;2012;140;150000
600;1999;54;125000
18900;2010;231;150000
2590;2002;131;150000
3590;2017;131;150000
1850;2001;141;150000
1200;2005;0;150000
800;2002;147;150000
0;2000;179;150000
300;1998;60;125000
1000;2007;95;70000
2090;2001;0;60000
11750;2011;105;50000
4750;1996;231;150000
800;2005;0;150000
10000;2013;140;40000
5500;2006;0;150000
800;1998;150;150000
6300;2006;86;125000
850;2002;86;150000
14200;2011;111;90000
150;1994;0;150000
2250;1999;132;150000
15900;2011;160;60000
7000;1972;60;100000
2300;2008;69;125000
14600;2013;122;30000
2600;2007;54;70000
15990;2008;170;90000
500;1998;60;125000
3999;2002;165;150000
16900;1970;95;40000
5800;2007;150;150000
6500;2003;170;150000
1000;1999;125;150000
15880;2002;306;100000
2200;2001;95;125000
6499;2009;140;150000
5500;2002;0;150000
300;1998;0;150000
2750;2001;127;125000
1100;1999;90;150000
1800;2018;0;150000
950;2000;101;150000
20000;1986;150;150000
6999;2003;231;150000
500;2007;109;150000
12800;2010;135;50000
9500;2013;0;60000
10950;2007;140;150000
16990;2010;143;150000
2990;2000;64;150000
2990;2002;197;150000
0;1999;136;150000
600;1999;131;150000
4600;2011;102;150000
7200;2005;160;125000
18900;2009;264;20000
650;2016;0;150000
2500;2006;50;70000
15499;2005;450;150000
12500;2006;190;100000
7900;2017;200;150000
750;2016;116;150000
1000;1999;22;150000
7200;2010;60;30000
800;1992;45;150000
2450;1993;116;150000
4000;1978;0;150000
4999;1988;113;150000
999;1996;101;150000
300;2000;60;150000
0;1993;136;150000
7990;2007;131;150000
6200;2008;80;80000
7500;2010;85;125000
3000;2006;101;150000
2500;2006;150;150000
1650;2002;170;150000
5500;2005;200;150000
0;1996;115;150000
7990;2010;105;150000
2399;2003;60;90000
660;2001;0;150000
250;2011;0;5000
1150;2002;54;150000
9500;1997;193;150000
3100;2002;116;150000
9500;2012;170;80000
2690;2002;101;150000
5400;2005;140;150000
1000;2006;75;150000
2400;2006;72;100000
2200;2003;0;150000
6880;2013;75;20000
2100;2005;54;150000
3600;2005;68;125000
3500;2000;136;150000
4000;2006;190;150000
16900;2013;105;50000
3800;2017;80;100000
1350;2001;170;150000
1000;1997;101;150000
14200;2005;272;150000
6900;1993;78;150000
3200;2011;98;70000
0;1997;0;125000
15900;2012;140;125000
3499;2000;200;80000
10500;2012;140;150000
0;1997;54;150000
750;2001;58;20000
4444;2007;75;40000
2200;2003;75;80000
1350;2002;75;125000
2200;2006;111;150000
950;2001;120;150000
1200;1999;75;150000
2299;2002;101;150000
200;1990;0;150000
600;1995;71;150000
2000;1996;136;150000
2900;2005;0;150000
1050;2016;75;150000
8900;2007;136;150000
2250;2017;60;125000
1200;1995;101;100000
2800;1983;55;5000
1500;2005;120;150000
1100;1998;100;150000
2500;2000;90;70000
2600;2003;125;150000
3450;1997;116;150000
2950;1999;245;150000
999;2016;115;150000
3500;2017;70;150000
2990;2000;193;150000
1000;2000;0;150000
2650;2006;101;150000
100;1995;0;150000
950;1998;90;150000
13900;2007;235;150000
1500;2001;193;150000
3500;2006;163;150000
6800;2008;116;150000
4599;2009;105;150000
1750;1999;144;150000
1950;2001;60;100000
5950;2002;179;150000
300;2016;75;150000
700;1997;54;125000
0;2009;0;150000
2550;2000;116;125000
15900;2011;143;80000
8900;2000;163;100000
299;2016;75;150000
6900;2002;347;150000
7900;2005;218;150000
950;1998;125;150000
1690;2001;58;125000
5100;2004;122;150000
4900;2008;143;150000
6000;1999;193;150000
3250;2003;84;70000
19999;2007;272;90000
0;1996;190;150000
5599;2008;80;125000
1;2000;0;150000
16800;2015;95;10000
3900;2002;129;150000
5050;2006;170;150000
6500;2001;231;150000
10500;2010;105;125000
2800;2001;105;150000
19500;2015;150;20000
6950;2001;231;150000
2350;2003;120;150000
4990;2009;99;90000
2450;2000;276;150000
290;2001;0;150000
6200;2000;118;150000
4100;2006;0;150000
1400;2000;86;70000
4900;2004;0;100000
17888;2013;150;50000
1750;2000;180;150000
17499;2011;170;125000
4950;1999;193;125000
8400;2008;80;30000
1000;2003;58;150000
10900;2004;150;150000
8700;2008;136;60000
600;1997;157;30000
1500;2002;150;150000
5500;2017;0;150000
4100;2009;73;125000
2900;1998;116;150000
1850;2002;131;150000
1820;1999;125;150000
4800;2008;110;150000
1700;2003;160;150000
10222;2005;150;90000
950;2003;60;150000
11950;2013;125;60000
5900;2004;135;150000
17500;2010;175;100000
2100;2004;125;150000
2400;2004;0;150000
3200;1998;170;150000
9200;2012;75;50000
16200;2012;150;40000
12750;2007;218;150000
1500;1994;116;150000
6100;2007;150;125000
650;1997;120;150000
13400;2012;143;150000
50;1998;0;150000
11999;2006;218;150000
2999;2005;92;150000
300;1999;60;80000
2600;2005;120;125000
9500;2008;140;150000
5900;2008;80;40000
5950;2007;140;125000
550;1999;58;150000
7350;2008;82;80000
0;2018;90;150000
5000;2000;88;150000
2599;2005;61;90000
800;2001;60;150000
8800;2009;143;150000
2400;2004;116;150000
2500;2002;166;150000
3700;2006;109;90000
7000;2004;116;125000
1780;1997;125;150000
8999;1990;150;150000
4600;2006;0;80000
2750;2017;136;150000
2500;1998;150;150000
6990;2012;60;60000
1700;3200;0;5000
1200;1990;74;150000
490;1995;60;150000
400;1997;60;100000
6500;2010;86;40000
5500;2011;68;90000
2799;2009;68;80000
2500;2000;192;150000
3250;2004;136;150000
8500;2012;107;70000
1100;2001;170;150000
4400;2008;0;70000
500;2016;90;150000
990;1996;105;150000
2999;2004;150;150000
14500;2013;120;30000
850;1997;60;150000
15950;2011;170;150000
1800;1999;170;150000
2000;1998;118;125000
300;1991;122;150000
1400;2016;102;150000
4300;2010;61;60000
2690;1998;86;150000
7990;2010;131;80000
1111;1999;125;150000
100;1995;0;150000
8200;2016;193;150000
1999;2005;90;150000
3800;1998;212;150000
1200;1991;45;100000
4200;2003;116;90000
3800;2016;163;150000
7800;2006;140;150000
10900;2010;140;150000
2150;1993;117;150000
15800;2012;136;40000
700;1988;102;150000
4300;2005;131;150000
3300;2001;116;150000
1300;2003;83;125000
1950;2002;143;150000
2500;1997;116;150000
12999;2008;260;80000
0;2005;150;150000
3100;2003;122;40000
12500;2011;140;60000
1400;1997;60;150000
0;1997;192;150000
450;1998;60;5000
500;1999;54;125000
1300;2003;82;150000
0;2000;0;5000
450;1995;71;150000
6490;2007;140;125000
16900;2011;170;90000
5200;2006;105;125000
900;2000;74;150000
0;1992;70;100000
3600;2005;150;150000
8249;2005;224;150000
3650;2001;116;150000
9100;2011;140;80000
0;1989;113;150000
6900;2007;122;150000
1;2007;0;125000
400;1993;45;150000
2990;2001;143;150000
3500;1995;193;150000
4900;2010;65;30000
800;2000;163;150000
1000;2004;100;150000
6950;2012;69;20000
5000;1995;98;20000
5740;2009;80;60000
1999;2016;101;150000
12685;2012;122;70000
1300;2016;0;150000
1200;1999;60;150000
2600;1999;101;150000
1290;2001;85;150000
500;2016;170;150000
15000;2007;265;150000
8500;2009;99;125000
14500;2009;160;100000
570;1998;75;150000
4250;2005;83;60000
4400;2018;116;150000
17500;2012;140;80000
1950;2000;125;150000
12900;2013;90;30000
3599;2001;129;150000
5650;2011;60;70000
1400;1998;0;90000
5500;2007;140;125000
4600;2004;211;150000
11000;2012;211;60000
10699;2010;105;100000
9990;2011;104;90000
1500;1996;68;150000
200;2007;68;40000
425;1998;50;150000
1200;2006;0;150000
14990;2003;131;150000
7000;2016;140;150000
14999;2009;170;150000
2700;2004;61;100000
10400;2011;86;60000
850;2000;101;150000
1000;2001;0;150000
9900;2011;111;60000
0;1979;141;100000
1299;2001;58;150000
2650;2017;170;125000
3950;2007;140;150000
5490;1999;115;125000
2300;1995;116;150000
2200;2004;102;150000
450;2003;90;150000
5990;2008;69;70000
2600;2005;105;150000
3000;2008;68;70000
3100;2007;0;150000
5500;1998;140;150000
1999;2000;105;150000
1500;1996;150;150000
2300;2002;101;150000
550;1999;75;150000
5990;2002;177;150000
1900;1998;109;150000
1999;1996;114;150000
900;2003;60;100000
2699;2002;116;150000
4999;2001;163;150000
990;2016;90;150000
12500;2017;86;20000
13900;2006;235;150000
1800;2003;60;150000
11800;2005;250;125000
1490;2006;0;90000
0;2000;190;150000
14950;2005;231;150000
650;1998;0;150000
3899;2008;116;150000
2500;2001;163;150000
600;1999;90;150000
500;2002;0;150000
500;2016;0;150000
2000;2005;69;150000
1400;1997;125;150000
3700;2002;109;150000
14900;2018;233;150000
990;2003;116;150000
15990;2014;105;40000
5400;2001;150;100000
13990;2007;231;150000
100;2016;0;150000
1899;2003;75;150000
900;2000;0;5000
2500;2004;75;150000
16500;2009;224;150000
5000;2002;184;150000
7500;2009;147;150000
8500;2005;163;125000
19900;1990;250;150000
4900;2001;179;150000
12500;2006;0;150000
15000;2000;102;150000
3300;2001;116;150000
1600;1987;55;150000
17000;2011;143;125000
9990;2006;265;150000
2000;2003;96;150000
0;1995;101;150000
2850;2004;60;150000
2000;2002;125;150000
6500;2011;120;100000
6900;2003;218;150000
300;1997;101;150000
3900;2002;75;100000
999;1999;0;150000
600;2003;42;125000
2299;1995;122;150000
8000;2010;130;150000
3999;2005;105;150000
12300;2004;171;100000
7890;2012;94;40000
2990;2001;116;150000
1150;2000;75;150000
150;2017;0;150000
2500;2003;58;150000
300;1992;75;150000
190;1000;0;5000
1150;1992;60;150000
11500;2009;129;125000
17500;2008;136;125000
8000;2009;102;90000
4300;2000;204;150000
4500;2006;105;150000
4990;1994;145;125000
4400;2008;92;80000
2350;1996;90;150000
6499;2005;224;150000
1950;2004;0;150000
20000;2014;122;30000
7990;2010;170;150000
7999;2004;224;150000
9500;2008;140;150000
3600;2006;105;150000
2599;2004;130;150000
0;1995;0;150000
6499;2008;109;125000
3500;2003;101;150000
14000;2005;163;40000
11750;1969;0;100000
699;2016;0;150000
12590;2010;143;80000
16500;2010;105;70000
6800;2005;111;150000
2450;1999;130;150000
1400;2004;0;150000
15900;2009;173;125000
6280;2006;0;150000
9200;2009;140;150000
1600;1994;84;150000
7400;2009;90;70000
14950;2010;177;50000
2000;1998;125;150000
4999;2000;170;150000
6000;2005;195;150000
5900;1996;174;100000
1150;1999;101;150000
7450;2018;124;125000
1999;2001;125;90000
7745;2007;140;90000
3290;2008;85;150000
799;1998;136;150000
2350;2005;54;150000
2100;2002;107;125000
1649;1997;102;150000
850;1999;54;150000
300;1998;72;150000
3300;2004;0;125000
11350;2012;125;60000
2950;2001;136;150000
3500;1990;58;70000
10250;2006;163;150000
2150;1982;75;90000
230;1996;60;150000
2999;2002;101;125000
550;2016;102;150000
499;1998;73;125000
2100;2001;75;150000
0;2016;0;5000
800;1999;116;150000
6250;1998;150;100000
11900;2010;150;90000
5800;1992;80;150000
3000;2002;220;125000
1790;2001;75;125000
1895;1999;75;80000
2999;2017;69;150000
1550;1999;65;150000
3400;2006;60;90000
17900;2008;239;150000
2250;2005;100;150000
1100;2001;60;150000
8900;2009;110;150000
16750;2007;232;70000
990;2003;97;125000
4750;2008;125;125000
5200;2007;150;150000
1250;2018;125;150000
2899;2002;147;150000
2700;2004;0;20000
11600;2008;160;80000
650;1997;54;150000
900;2002;75;150000
3399;1999;105;150000
1800;2000;130;150000
3200;2008;110;150000
1500;2004;0;125000
2500;1999;101;125000
900;1995;75;150000
10500;2008;143;150000
1425;1996;90;125000
3800;2009;0;150000
6900;2008;158;150000
2000;2009;54;150000
140;1999;119;150000
0;1995;75;150000
870;1995;58;150000
1600;2001;136;150000
1500;2000;0;5000
13000;2010;105;100000
2400;2003;41;90000
5050;2009;0;150000
2800;2000;170;150000
1100;2016;75;125000
2700;2017;0;60000
18890;2011;211;60000
11500;2009;260;80000
19000;2012;204;40000
4895;2006;116;150000
2400;2004;0;150000
1000;1995;88;50000
6800;2005;140;150000
9900;2008;140;150000
3200;1999;150;150000
8490;2005;224;150000
5650;2005;272;150000
4699;2007;70;150000
2699;2003;41;150000
10500;2011;109;100000
5500;2005;105;150000
3650;1997;75;150000
3600;2005;155;150000
4990;1991;200;50000
999;2000;101;150000
1850;2001;105;150000
1190;2005;73;150000
2400;1990;129;150000
4600;2004;129;150000
550;1998;90;150000
2850;2016;90;5000
3800;2001;110;125000
3550;2006;150;150000
750;1967;0;125000
1700;1999;131;150000
8499;2005;200;150000
1100;1999;55;125000
9200;2006;224;150000
700;2001;98;150000
3800;2002;220;150000
1990;2016;0;150000
1700;2004;116;150000
6399;2006;95;50000
750;1998;75;150000
1599;1998;75;150000
2990;2008;68;150000
1800;2001;101;150000
2900;1996;204;150000
2600;2003;98;125000
3650;2003;116;125000
1000;2002;60;125000
250;1999;75;150000
2450;2000;225;150000
990;1999;107;150000
9999;2006;232;150000
13900;2009;143;150000
690;1998;0;150000
5400;2017;140;150000
5000;2007;110;125000
350;1996;88;150000
1550;2016;0;150000
3950;2009;60;125000
2200;2001;163;150000
2900;2002;75;150000
2500;2006;5;40000
950;2000;150;150000
6500;2011;87;50000
350;2000;54;150000
1250;1999;125;150000
1899;1995;84;150000
1500;2001;0;150000
3450;2009;0;150000
6900;2009;160;150000
4500;2006;5;40000
3600;2006;109;150000
9700;2010;156;70000
1390;1998;75;150000
9980;2011;105;100000
3300;2003;0;150000
3500;2017;68;150000
999;2000;58;150000
1500;1994;128;150000
5200;2008;109;150000
4300;2002;88;150000
2200;1992;122;10000
600;2017;75;150000
700;2017;75;150000
1;2016;100;150000
799;2005;0;150000
2499;1996;200;150000
2550;2003;0;150000
6500;2004;163;150000
3990;2002;101;150000
999;2001;0;5000
700;2006;69;80000
1650;2003;80;150000
13000;2011;177;80000
12290;2006;200;125000
1200;1999;105;150000
4250;2008;90;150000
4350;2007;80;125000
800;2000;60;150000
2999;1999;103;125000
12990;2007;197;150000
200;2000;50;150000
2750;2003;60;20000
1200;1995;40;80000
12500;2003;340;150000
3900;2003;231;150000
9999;2005;116;50000
4200;2006;150;150000
4499;2012;75;150000
1500;2002;54;125000
8750;2007;140;150000
790;2000;95;150000
14950;2005;272;100000
2800;2001;105;150000
2499;1998;170;150000
749;2000;101;150000
1190;2001;107;150000
10800;2003;102;150000
11899;2017;160;100000
2500;1998;101;125000
300;1999;170;150000
2350;2017;150;150000
2350;2002;131;150000
3300;2006;0;150000
4500;2003;143;125000
18950;1974;200;80000
1250;1994;0;150000
350;2000;0;150000
8450;2009;82;90000
3399;2008;140;150000
2490;2002;50;125000
370;1999;75;150000
1150;2004;131;150000
7999;2017;69;30000
2550;1989;113;150000
10499;2009;140;125000
1200;2001;101;150000
5600;2012;69;30000
3800;2007;120;150000
4990;2009;69;125000
11800;2007;183;125000
1400;1998;101;150000
1100;1996;102;150000
5500;2008;80;125000
2900;2002;91;125000
1399;2003;197;150000
950;2002;105;150000
2000;2002;113;150000
950;2004;69;150000
2650;2003;116;150000
3650;1988;103;150000
950;1994;122;150000
11900;2017;260;100000
8850;2008;140;90000
0;1998;54;150000
800;1999;75;150000
6600;2009;109;125000
3100;2008;0;150000
2600;2003;90;150000
1850;2001;58;150000
7100;2017;150;150000
1450;1998;75;150000
950;1997;0;150000
500;1998;60;125000
14900;2009;140;125000
300;1996;75;150000
2300;1996;192;20000
3399;2005;136;150000
3300;1994;174;150000
6000;2010;75;60000
6500;2007;140;150000
1;2016;140;150000
1850;2000;107;125000
1370;2005;0;150000
1799;2001;68;150000
4500;2004;110;150000
2950;2003;70;5000
1600;2016;75;125000
340;1999;54;150000
0;2002;0;150000
1700;2001;125;150000
19500;2009;190;125000
1150;2001;75;150000
2490;2003;131;150000
3299;2001;231;150000
2300;2001;131;150000
700;1998;125;150000
550;2000;52;150000
1600;1994;122;150000
4350;2005;107;125000
1700;2017;150;150000
3290;2005;125;150000
4199;2003;179;150000
400;1996;60;125000
13500;2013;105;60000
14999;2015;109;20000
500;1994;0;150000
16690;2012;105;50000
5500;2002;129;125000
6250;2010;70;70000
15999;2012;211;80000
990;1992;90;150000
1600;1998;165;150000
650;1998;75;5000
1650;2001;75;150000
2490;2000;68;150000
15999;1993;220;150000
1600;2004;60;150000
100;1994;60;150000
350;1999;170;150000
1350;2001;75;150000
2600;2006;122;150000
3500;2003;147;150000
1849;2003;155;150000
899;2005;64;150000
4300;2016;90;80000
3900;2005;105;90000
999;1997;194;150000
100;1996;553;150000
3100;2006;75;80000
2499;1998;136;150000
2500;2001;170;150000
19500;2014;140;20000
5900;2009;150;150000
2600;1999;105;150000
15600;2011;136;100000
2100;1999;105;150000
18990;2014;179;40000
999;1999;150;150000
3000;2000;170;150000
4990;2002;193;150000
500;2000;65;70000